Strain ID;Sequence;Promoter Activity
BG14g;GCCCATTGACAAGGCTCTCGCGGCCAGGTATAATTGCACG;35.05789333
BG14g;GCCCATTGACAAGGCTCTCGCGGCCAGGTATAATTGCACG;33.57998183
BG14g;GCCCATTGACAAGGCTCTCGCGGCCAGGTATAATTGCACG;31.52343906
BG14g;GCCCATTGACAAGGCTCTCGCGGCCAGGTATAATTGCACG;27.66675988
BG14g;GCCCATTGACAAGGCTCTCGCGGCCAGGTATAATTGCACG;27.81835991
BG14g;GCCCATTGACAAGGCTCTCGCGGCCAGGTATAATTGCACG;28.442062
BG14g;GCCCATTGACAAGGCTCTCGCGGCCAGGTATAATTGCACG;28.69598923
BG14g;GCCCATTGACAAGGCTCTCGCGGCCAGGTATAATTGCACG;27.94936405
BG14g;GCCCATTGACAAGGCTCTCGCGGCCAGGTATAATTGCACG;28.47312458
BG14g;GCCCATTGACAAGGCTCTCGCGGCCAGGTATAATTGCACG;28.32755661
BG14g;GCCCATTGACAAGGCTCTCGCGGCCAGGTATAATTGCACG;28.23734627
BG14g;GCCCATTGACAAGGCTCTCGCGGCCAGGTATAATTGCACG;28.20643625
BGSPL14g_01_a;GCCCAaTGACAAGGCTCTCGCGGCCAGGTATAATTGCACG;2.185553965
BGSPL14g_01_a;GCCCAaTGACAAGGCTCTCGCGGCCAGGTATAATTGCACG;1.447607513
BGSPL14g_01_a;GCCCAaTGACAAGGCTCTCGCGGCCAGGTATAATTGCACG;2.575251066
BGSPL14g_01_a;GCCCAaTGACAAGGCTCTCGCGGCCAGGTATAATTGCACG;2.119296122
BGSPL14g_01_a;GCCCAaTGACAAGGCTCTCGCGGCCAGGTATAATTGCACG;2.10092434
BGSPL14g_01_a;GCCCAaTGACAAGGCTCTCGCGGCCAGGTATAATTGCACG;2.646341829
BGSPL14g_01_a;GCCCAaTGACAAGGCTCTCGCGGCCAGGTATAATTGCACG;2.031167696
BGSPL14g_01_a;GCCCAaTGACAAGGCTCTCGCGGCCAGGTATAATTGCACG;2.591377588
BGSPL14g_01_a;GCCCAaTGACAAGGCTCTCGCGGCCAGGTATAATTGCACG;1.792002307
BGSPL14g_01_a;GCCCAaTGACAAGGCTCTCGCGGCCAGGTATAATTGCACG;2.43704889
BGSPL14g_01_c;GCCCAcTGACAAGGCTCTCGCGGCCAGGTATAATTGCACG;1.38357659
BGSPL14g_01_c;GCCCAcTGACAAGGCTCTCGCGGCCAGGTATAATTGCACG;1.331265433
BGSPL14g_01_c;GCCCAcTGACAAGGCTCTCGCGGCCAGGTATAATTGCACG;1.359857625
BGSPL14g_01_c;GCCCAcTGACAAGGCTCTCGCGGCCAGGTATAATTGCACG;1.39009381
BGSPL14g_01_c;GCCCAcTGACAAGGCTCTCGCGGCCAGGTATAATTGCACG;1.366287083
BGSPL14g_01_c;GCCCAcTGACAAGGCTCTCGCGGCCAGGTATAATTGCACG;1.355265407
BGSPL14g_01_c;GCCCAcTGACAAGGCTCTCGCGGCCAGGTATAATTGCACG;1.456635738
BGSPL14g_01_c;GCCCAcTGACAAGGCTCTCGCGGCCAGGTATAATTGCACG;1.526019237
BGSPL14g_01_c;GCCCAcTGACAAGGCTCTCGCGGCCAGGTATAATTGCACG;1.459307666
BGSPL14g_01_c;GCCCAcTGACAAGGCTCTCGCGGCCAGGTATAATTGCACG;1.533392959
BGSPL14g_01_c;GCCCAcTGACAAGGCTCTCGCGGCCAGGTATAATTGCACG;1.238435013
BGSPL14g_01_c;GCCCAcTGACAAGGCTCTCGCGGCCAGGTATAATTGCACG;1.248827562
BGSPL14g_01_g;GCCCAgTGACAAGGCTCTCGCGGCCAGGTATAATTGCACG;4.471751873
BGSPL14g_01_g;GCCCAgTGACAAGGCTCTCGCGGCCAGGTATAATTGCACG;4.410084972
BGSPL14g_01_g;GCCCAgTGACAAGGCTCTCGCGGCCAGGTATAATTGCACG;4.508610396
BGSPL14g_01_g;GCCCAgTGACAAGGCTCTCGCGGCCAGGTATAATTGCACG;4.518474175
BGSPL14g_01_g;GCCCAgTGACAAGGCTCTCGCGGCCAGGTATAATTGCACG;4.35650947
BGSPL14g_01_g;GCCCAgTGACAAGGCTCTCGCGGCCAGGTATAATTGCACG;4.617736062
BGSPL14g_01_g;GCCCAgTGACAAGGCTCTCGCGGCCAGGTATAATTGCACG;5.103128538
BGSPL14g_01_g;GCCCAgTGACAAGGCTCTCGCGGCCAGGTATAATTGCACG;4.875164402
BGSPL14g_01_g;GCCCAgTGACAAGGCTCTCGCGGCCAGGTATAATTGCACG;5.027653524
BGSPL14g_01_g;GCCCAgTGACAAGGCTCTCGCGGCCAGGTATAATTGCACG;6.107250316
BGSPL14g_01_g;GCCCAgTGACAAGGCTCTCGCGGCCAGGTATAATTGCACG;4.383819092
BGSPL14g_01_g;GCCCAgTGACAAGGCTCTCGCGGCCAGGTATAATTGCACG;4.179734882
BGSPL14g_01_t;GCCCAtTGACAAGGCTCTCGCGGCCAGGTATAATTGCACG;28.6599575
BGSPL14g_01_t;GCCCAtTGACAAGGCTCTCGCGGCCAGGTATAATTGCACG;29.22224516
BGSPL14g_01_t;GCCCAtTGACAAGGCTCTCGCGGCCAGGTATAATTGCACG;27.98741086
BGSPL14g_01_t;GCCCAtTGACAAGGCTCTCGCGGCCAGGTATAATTGCACG;27.50446993
BGSPL14g_01_t;GCCCAtTGACAAGGCTCTCGCGGCCAGGTATAATTGCACG;28.21158048
BGSPL14g_01_t;GCCCAtTGACAAGGCTCTCGCGGCCAGGTATAATTGCACG;26.90799964
BGSPL14g_01_t;GCCCAtTGACAAGGCTCTCGCGGCCAGGTATAATTGCACG;27.04728203
BGSPL14g_01_t;GCCCAtTGACAAGGCTCTCGCGGCCAGGTATAATTGCACG;28.2663588
BGSPL14g_01_t;GCCCAtTGACAAGGCTCTCGCGGCCAGGTATAATTGCACG;27.74849131
BGSPL14g_02_a;GCCCATaGACAAGGCTCTCGCGGCCAGGTATAATTGCACG;14.12443412
BGSPL14g_02_a;GCCCATaGACAAGGCTCTCGCGGCCAGGTATAATTGCACG;13.9648819
BGSPL14g_02_a;GCCCATaGACAAGGCTCTCGCGGCCAGGTATAATTGCACG;13.65866855
BGSPL14g_02_a;GCCCATaGACAAGGCTCTCGCGGCCAGGTATAATTGCACG;13.23673415
BGSPL14g_02_a;GCCCATaGACAAGGCTCTCGCGGCCAGGTATAATTGCACG;12.75766694
BGSPL14g_02_a;GCCCATaGACAAGGCTCTCGCGGCCAGGTATAATTGCACG;13.00989958
BGSPL14g_02_a;GCCCATaGACAAGGCTCTCGCGGCCAGGTATAATTGCACG;13.86629905
BGSPL14g_02_a;GCCCATaGACAAGGCTCTCGCGGCCAGGTATAATTGCACG;13.75042519
BGSPL14g_02_a;GCCCATaGACAAGGCTCTCGCGGCCAGGTATAATTGCACG;13.13731089
BGSPL14g_02_a;GCCCATaGACAAGGCTCTCGCGGCCAGGTATAATTGCACG;13.8815625
BGSPL14g_02_a;GCCCATaGACAAGGCTCTCGCGGCCAGGTATAATTGCACG;13.09291887
BGSPL14g_02_a;GCCCATaGACAAGGCTCTCGCGGCCAGGTATAATTGCACG;12.72784784
BGSPL14g_02_c;GCCCATcGACAAGGCTCTCGCGGCCAGGTATAATTGCACG;7.252153719
BGSPL14g_02_c;GCCCATcGACAAGGCTCTCGCGGCCAGGTATAATTGCACG;7.39729952
BGSPL14g_02_c;GCCCATcGACAAGGCTCTCGCGGCCAGGTATAATTGCACG;6.677732625
BGSPL14g_02_c;GCCCATcGACAAGGCTCTCGCGGCCAGGTATAATTGCACG;6.986491033
BGSPL14g_02_c;GCCCATcGACAAGGCTCTCGCGGCCAGGTATAATTGCACG;7.174743781
BGSPL14g_02_c;GCCCATcGACAAGGCTCTCGCGGCCAGGTATAATTGCACG;7.121840176
BGSPL14g_02_c;GCCCATcGACAAGGCTCTCGCGGCCAGGTATAATTGCACG;7.500556746
BGSPL14g_02_c;GCCCATcGACAAGGCTCTCGCGGCCAGGTATAATTGCACG;7.505892306
BGSPL14g_02_c;GCCCATcGACAAGGCTCTCGCGGCCAGGTATAATTGCACG;7.354224596
BGSPL14g_02_c;GCCCATcGACAAGGCTCTCGCGGCCAGGTATAATTGCACG;7.908330292
BGSPL14g_02_c;GCCCATcGACAAGGCTCTCGCGGCCAGGTATAATTGCACG;7.808091562
BGSPL14g_02_c;GCCCATcGACAAGGCTCTCGCGGCCAGGTATAATTGCACG;7.334140421
BGSPL14g_02_g;GCCCATgGACAAGGCTCTCGCGGCCAGGTATAATTGCACG;10.02160045
BGSPL14g_02_g;GCCCATgGACAAGGCTCTCGCGGCCAGGTATAATTGCACG;9.969356533
BGSPL14g_02_g;GCCCATgGACAAGGCTCTCGCGGCCAGGTATAATTGCACG;9.729016641
BGSPL14g_02_g;GCCCATgGACAAGGCTCTCGCGGCCAGGTATAATTGCACG;11.16101739
BGSPL14g_02_g;GCCCATgGACAAGGCTCTCGCGGCCAGGTATAATTGCACG;11.53140751
BGSPL14g_02_g;GCCCATgGACAAGGCTCTCGCGGCCAGGTATAATTGCACG;11.30545322
BGSPL14g_02_g;GCCCATgGACAAGGCTCTCGCGGCCAGGTATAATTGCACG;11.38227426
BGSPL14g_02_g;GCCCATgGACAAGGCTCTCGCGGCCAGGTATAATTGCACG;11.55718054
BGSPL14g_02_g;GCCCATgGACAAGGCTCTCGCGGCCAGGTATAATTGCACG;11.53910191
BGSPL14g_02_t;GCCCATtGACAAGGCTCTCGCGGCCAGGTATAATTGCACG;26.01470053
BGSPL14g_02_t;GCCCATtGACAAGGCTCTCGCGGCCAGGTATAATTGCACG;24.44302238
BGSPL14g_02_t;GCCCATtGACAAGGCTCTCGCGGCCAGGTATAATTGCACG;25.88068945
BGSPL14g_02_t;GCCCATtGACAAGGCTCTCGCGGCCAGGTATAATTGCACG;21.71922706
BGSPL14g_02_t;GCCCATtGACAAGGCTCTCGCGGCCAGGTATAATTGCACG;22.01878071
BGSPL14g_02_t;GCCCATtGACAAGGCTCTCGCGGCCAGGTATAATTGCACG;21.72036283
BGSPL14g_02_t;GCCCATtGACAAGGCTCTCGCGGCCAGGTATAATTGCACG;24.6097862
BGSPL14g_02_t;GCCCATtGACAAGGCTCTCGCGGCCAGGTATAATTGCACG;25.29748033
BGSPL14g_02_t;GCCCATtGACAAGGCTCTCGCGGCCAGGTATAATTGCACG;25.72343082
BGSPL14g_03_a;GCCCATTaACAAGGCTCTCGCGGCCAGGTATAATTGCACG;0.631168469
BGSPL14g_03_a;GCCCATTaACAAGGCTCTCGCGGCCAGGTATAATTGCACG;0.640609469
BGSPL14g_03_a;GCCCATTaACAAGGCTCTCGCGGCCAGGTATAATTGCACG;0.630656159
BGSPL14g_03_a;GCCCATTaACAAGGCTCTCGCGGCCAGGTATAATTGCACG;0.584438223
BGSPL14g_03_a;GCCCATTaACAAGGCTCTCGCGGCCAGGTATAATTGCACG;0.608477848
BGSPL14g_03_a;GCCCATTaACAAGGCTCTCGCGGCCAGGTATAATTGCACG;0.620828598
BGSPL14g_03_a;GCCCATTaACAAGGCTCTCGCGGCCAGGTATAATTGCACG;0.630899553
BGSPL14g_03_a;GCCCATTaACAAGGCTCTCGCGGCCAGGTATAATTGCACG;0.653163585
BGSPL14g_03_a;GCCCATTaACAAGGCTCTCGCGGCCAGGTATAATTGCACG;0.614784117
BGSPL14g_03_a;GCCCATTaACAAGGCTCTCGCGGCCAGGTATAATTGCACG;1.551611976
BGSPL14g_03_a;GCCCATTaACAAGGCTCTCGCGGCCAGGTATAATTGCACG;1.462716495
BGSPL14g_03_a;GCCCATTaACAAGGCTCTCGCGGCCAGGTATAATTGCACG;0.987415732
BGSPL14g_03_g;GCCCATTgACAAGGCTCTCGCGGCCAGGTATAATTGCACG;20.16422102
BGSPL14g_03_g;GCCCATTgACAAGGCTCTCGCGGCCAGGTATAATTGCACG;21.21970487
BGSPL14g_03_g;GCCCATTgACAAGGCTCTCGCGGCCAGGTATAATTGCACG;20.50233699
BGSPL14g_03_g;GCCCATTgACAAGGCTCTCGCGGCCAGGTATAATTGCACG;20.82519784
BGSPL14g_03_g;GCCCATTgACAAGGCTCTCGCGGCCAGGTATAATTGCACG;21.02747149
BGSPL14g_03_g;GCCCATTgACAAGGCTCTCGCGGCCAGGTATAATTGCACG;21.19294792
BGSPL14g_03_g;GCCCATTgACAAGGCTCTCGCGGCCAGGTATAATTGCACG;20.25014792
BGSPL14g_03_g;GCCCATTgACAAGGCTCTCGCGGCCAGGTATAATTGCACG;20.32467288
BGSPL14g_03_g;GCCCATTgACAAGGCTCTCGCGGCCAGGTATAATTGCACG;20.97805397
BGSPL14g_04_a;GCCCATTGaCAAGGCTCTCGCGGCCAGGTATAATTGCACG;21.83323375
BGSPL14g_04_a;GCCCATTGaCAAGGCTCTCGCGGCCAGGTATAATTGCACG;22.3847201
BGSPL14g_04_a;GCCCATTGaCAAGGCTCTCGCGGCCAGGTATAATTGCACG;20.95685498
BGSPL14g_04_a;GCCCATTGaCAAGGCTCTCGCGGCCAGGTATAATTGCACG;20.24072905
BGSPL14g_04_a;GCCCATTGaCAAGGCTCTCGCGGCCAGGTATAATTGCACG;20.18253023
BGSPL14g_04_a;GCCCATTGaCAAGGCTCTCGCGGCCAGGTATAATTGCACG;20.17655898
BGSPL14g_04_a;GCCCATTGaCAAGGCTCTCGCGGCCAGGTATAATTGCACG;21.1786294
BGSPL14g_04_a;GCCCATTGaCAAGGCTCTCGCGGCCAGGTATAATTGCACG;20.89912056
BGSPL14g_04_a;GCCCATTGaCAAGGCTCTCGCGGCCAGGTATAATTGCACG;21.76999284
BGSPL14g_04_g;GCCCATTGgCAAGGCTCTCGCGGCCAGGTATAATTGCACG;7.881973406
BGSPL14g_04_g;GCCCATTGgCAAGGCTCTCGCGGCCAGGTATAATTGCACG;8.230762257
BGSPL14g_04_g;GCCCATTGgCAAGGCTCTCGCGGCCAGGTATAATTGCACG;6.452799766
BGSPL14g_04_g;GCCCATTGgCAAGGCTCTCGCGGCCAGGTATAATTGCACG;6.588019969
BGSPL14g_04_g;GCCCATTGgCAAGGCTCTCGCGGCCAGGTATAATTGCACG;6.125290387
BGSPL14g_04_g;GCCCATTGgCAAGGCTCTCGCGGCCAGGTATAATTGCACG;4.10893353
BGSPL14g_04_g;GCCCATTGgCAAGGCTCTCGCGGCCAGGTATAATTGCACG;4.083198633
BGSPL14g_04_g;GCCCATTGgCAAGGCTCTCGCGGCCAGGTATAATTGCACG;4.171448564
BGSPL14g_04_g;GCCCATTGgCAAGGCTCTCGCGGCCAGGTATAATTGCACG;5.73734916
BGSPL14g_04_g;GCCCATTGgCAAGGCTCTCGCGGCCAGGTATAATTGCACG;5.663085717
BGSPL14g_04_g;GCCCATTGgCAAGGCTCTCGCGGCCAGGTATAATTGCACG;5.82169933
BGSPL14g_05_c;GCCCATTGAcAAGGCTCTCGCGGCCAGGTATAATTGCACG;21.98049056
BGSPL14g_05_c;GCCCATTGAcAAGGCTCTCGCGGCCAGGTATAATTGCACG;21.9078026
BGSPL14g_05_c;GCCCATTGAcAAGGCTCTCGCGGCCAGGTATAATTGCACG;22.29427526
BGSPL14g_05_c;GCCCATTGAcAAGGCTCTCGCGGCCAGGTATAATTGCACG;28.76351298
BGSPL14g_05_c;GCCCATTGAcAAGGCTCTCGCGGCCAGGTATAATTGCACG;29.30640158
BGSPL14g_05_c;GCCCATTGAcAAGGCTCTCGCGGCCAGGTATAATTGCACG;27.77190125
BGSPL14g_05_c;GCCCATTGAcAAGGCTCTCGCGGCCAGGTATAATTGCACG;19.87065229
BGSPL14g_05_c;GCCCATTGAcAAGGCTCTCGCGGCCAGGTATAATTGCACG;20.09100646
BGSPL14g_05_c;GCCCATTGAcAAGGCTCTCGCGGCCAGGTATAATTGCACG;20.06605096
BGSPL14g_05_c;GCCCATTGAcAAGGCTCTCGCGGCCAGGTATAATTGCACG;20.62144927
BGSPL14g_05_g;GCCCATTGAgAAGGCTCTCGCGGCCAGGTATAATTGCACG;2.636387237
BGSPL14g_05_g;GCCCATTGAgAAGGCTCTCGCGGCCAGGTATAATTGCACG;2.615758171
BGSPL14g_05_g;GCCCATTGAgAAGGCTCTCGCGGCCAGGTATAATTGCACG;2.406000085
BGSPL14g_05_g;GCCCATTGAgAAGGCTCTCGCGGCCAGGTATAATTGCACG;2.655154562
BGSPL14g_05_g;GCCCATTGAgAAGGCTCTCGCGGCCAGGTATAATTGCACG;2.704993149
BGSPL14g_05_g;GCCCATTGAgAAGGCTCTCGCGGCCAGGTATAATTGCACG;2.642169814
BGSPL14g_05_g;GCCCATTGAgAAGGCTCTCGCGGCCAGGTATAATTGCACG;2.758703796
BGSPL14g_05_g;GCCCATTGAgAAGGCTCTCGCGGCCAGGTATAATTGCACG;2.715835996
BGSPL14g_05_g;GCCCATTGAgAAGGCTCTCGCGGCCAGGTATAATTGCACG;2.988395001
BGSPL14g_05_g;GCCCATTGAgAAGGCTCTCGCGGCCAGGTATAATTGCACG;2.997857814
BGSPL14g_05_g;GCCCATTGAgAAGGCTCTCGCGGCCAGGTATAATTGCACG;3.283768437
BGSPL14g_05_g;GCCCATTGAgAAGGCTCTCGCGGCCAGGTATAATTGCACG;3.294502707
BGSPL14g_06_a;GCCCATTGACaAGGCTCTCGCGGCCAGGTATAATTGCACG;20.14160824
BGSPL14g_06_a;GCCCATTGACaAGGCTCTCGCGGCCAGGTATAATTGCACG;20.5659258
BGSPL14g_06_a;GCCCATTGACaAGGCTCTCGCGGCCAGGTATAATTGCACG;20.84953612
BGSPL14g_06_a;GCCCATTGACaAGGCTCTCGCGGCCAGGTATAATTGCACG;28.49220999
BGSPL14g_06_a;GCCCATTGACaAGGCTCTCGCGGCCAGGTATAATTGCACG;28.49435942
BGSPL14g_06_a;GCCCATTGACaAGGCTCTCGCGGCCAGGTATAATTGCACG;28.37777673
BGSPL14g_06_a;GCCCATTGACaAGGCTCTCGCGGCCAGGTATAATTGCACG;19.61769949
BGSPL14g_06_a;GCCCATTGACaAGGCTCTCGCGGCCAGGTATAATTGCACG;19.18241402
BGSPL14g_06_a;GCCCATTGACaAGGCTCTCGCGGCCAGGTATAATTGCACG;19.75222629
BGSPL14g_06_a;GCCCATTGACaAGGCTCTCGCGGCCAGGTATAATTGCACG;18.98158446
BGSPL14g_06_a;GCCCATTGACaAGGCTCTCGCGGCCAGGTATAATTGCACG;19.4355867
BGSPL14g_06_a;GCCCATTGACaAGGCTCTCGCGGCCAGGTATAATTGCACG;19.11322886
BGSPL14g_06_c;GCCCATTGACcAGGCTCTCGCGGCCAGGTATAATTGCACG;18.16892111
BGSPL14g_06_c;GCCCATTGACcAGGCTCTCGCGGCCAGGTATAATTGCACG;19.08428327
BGSPL14g_06_c;GCCCATTGACcAGGCTCTCGCGGCCAGGTATAATTGCACG;16.39795013
BGSPL14g_06_c;GCCCATTGACcAGGCTCTCGCGGCCAGGTATAATTGCACG;16.37177415
BGSPL14g_06_c;GCCCATTGACcAGGCTCTCGCGGCCAGGTATAATTGCACG;16.39495387
BGSPL14g_06_c;GCCCATTGACcAGGCTCTCGCGGCCAGGTATAATTGCACG;13.77803036
BGSPL14g_06_c;GCCCATTGACcAGGCTCTCGCGGCCAGGTATAATTGCACG;14.06409267
BGSPL14g_06_c;GCCCATTGACcAGGCTCTCGCGGCCAGGTATAATTGCACG;14.30424376
BGSPL14g_06_c;GCCCATTGACcAGGCTCTCGCGGCCAGGTATAATTGCACG;14.82838356
BGSPL14g_06_c;GCCCATTGACcAGGCTCTCGCGGCCAGGTATAATTGCACG;14.75181169
BGSPL14g_06_c;GCCCATTGACcAGGCTCTCGCGGCCAGGTATAATTGCACG;14.49674723
BGSPL14g_06_t;GCCCATTGACtAGGCTCTCGCGGCCAGGTATAATTGCACG;16.15077158
BGSPL14g_06_t;GCCCATTGACtAGGCTCTCGCGGCCAGGTATAATTGCACG;15.67644797
BGSPL14g_06_t;GCCCATTGACtAGGCTCTCGCGGCCAGGTATAATTGCACG;15.54788121
BGSPL14g_06_t;GCCCATTGACtAGGCTCTCGCGGCCAGGTATAATTGCACG;16.50261953
BGSPL14g_06_t;GCCCATTGACtAGGCTCTCGCGGCCAGGTATAATTGCACG;16.59777318
BGSPL14g_06_t;GCCCATTGACtAGGCTCTCGCGGCCAGGTATAATTGCACG;16.80377613
BGSPL14g_06_t;GCCCATTGACtAGGCTCTCGCGGCCAGGTATAATTGCACG;20.73836593
BGSPL14g_06_t;GCCCATTGACtAGGCTCTCGCGGCCAGGTATAATTGCACG;21.74416903
BGSPL14g_06_t;GCCCATTGACtAGGCTCTCGCGGCCAGGTATAATTGCACG;19.29169852
BGSPL14g_06_t;GCCCATTGACtAGGCTCTCGCGGCCAGGTATAATTGCACG;13.07028599
BGSPL14g_07_t;GCCCATTGACAtGGCTCTCGCGGCCAGGTATAATTGCACG;23.39599428
BGSPL14g_07_t;GCCCATTGACAtGGCTCTCGCGGCCAGGTATAATTGCACG;24.62079425
BGSPL14g_07_t;GCCCATTGACAtGGCTCTCGCGGCCAGGTATAATTGCACG;28.65075973
BGSPL14g_08_a;GCCCATTGACAAaGCTCTCGCGGCCAGGTATAATTGCACG;18.64208117
BGSPL14g_08_a;GCCCATTGACAAaGCTCTCGCGGCCAGGTATAATTGCACG;18.72632682
BGSPL14g_08_a;GCCCATTGACAAaGCTCTCGCGGCCAGGTATAATTGCACG;19.42049551
BGSPL14g_08_t;GCCCATTGACAAtGCTCTCGCGGCCAGGTATAATTGCACG;20.4301057
BGSPL14g_08_t;GCCCATTGACAAtGCTCTCGCGGCCAGGTATAATTGCACG;22.65877598
BGSPL14g_08_t;GCCCATTGACAAtGCTCTCGCGGCCAGGTATAATTGCACG;21.92860818
BGSPL14g_09_t;GCCCATTGACAAGtCTCTCGCGGCCAGGTATAATTGCACG;19.04329434
BGSPL14g_09_t;GCCCATTGACAAGtCTCTCGCGGCCAGGTATAATTGCACG;18.33792463
BGSPL14g_09_t;GCCCATTGACAAGtCTCTCGCGGCCAGGTATAATTGCACG;19.05321421
BGSPL14g_10_a;GCCCATTGACAAGGaTCTCGCGGCCAGGTATAATTGCACG;22.43578726
BGSPL14g_10_a;GCCCATTGACAAGGaTCTCGCGGCCAGGTATAATTGCACG;24.12488951
BGSPL14g_10_a;GCCCATTGACAAGGaTCTCGCGGCCAGGTATAATTGCACG;21.94125891
BGSPL14g_10_g;GCCCATTGACAAGGgTCTCGCGGCCAGGTATAATTGCACG;23.79508324
BGSPL14g_10_g;GCCCATTGACAAGGgTCTCGCGGCCAGGTATAATTGCACG;25.45800883
BGSPL14g_10_g;GCCCATTGACAAGGgTCTCGCGGCCAGGTATAATTGCACG;23.84344753
BGSPL14g_11_g;GCCCATTGACAAGGCgCTCGCGGCCAGGTATAATTGCACG;23.37501073
BGSPL14g_11_g;GCCCATTGACAAGGCgCTCGCGGCCAGGTATAATTGCACG;25.72845012
BGSPL14g_11_g;GCCCATTGACAAGGCgCTCGCGGCCAGGTATAATTGCACG;21.36436781
BGSPL14g_12_a;GCCCATTGACAAGGCTaTCGCGGCCAGGTATAATTGCACG;23.46805643
BGSPL14g_12_a;GCCCATTGACAAGGCTaTCGCGGCCAGGTATAATTGCACG;22.7091621
BGSPL14g_12_a;GCCCATTGACAAGGCTaTCGCGGCCAGGTATAATTGCACG;23.17828449
BGSPL14g_12_g;GCCCATTGACAAGGCTgTCGCGGCCAGGTATAATTGCACG;21.93647033
BGSPL14g_12_g;GCCCATTGACAAGGCTgTCGCGGCCAGGTATAATTGCACG;23.76763076
BGSPL14g_12_g;GCCCATTGACAAGGCTgTCGCGGCCAGGTATAATTGCACG;23.7790238
BGSPL14g_12_t;GCCCATTGACAAGGCTtTCGCGGCCAGGTATAATTGCACG;21.95316614
BGSPL14g_12_t;GCCCATTGACAAGGCTtTCGCGGCCAGGTATAATTGCACG;26.31159457
BGSPL14g_12_t;GCCCATTGACAAGGCTtTCGCGGCCAGGTATAATTGCACG;22.30739557
BGSPL14g_13_g;GCCCATTGACAAGGCTCgCGCGGCCAGGTATAATTGCACG;21.98724379
BGSPL14g_13_g;GCCCATTGACAAGGCTCgCGCGGCCAGGTATAATTGCACG;24.14490409
BGSPL14g_13_g;GCCCATTGACAAGGCTCgCGCGGCCAGGTATAATTGCACG;24.6764131
BGSPL14g_14_g;GCCCATTGACAAGGCTCTgGCGGCCAGGTATAATTGCACG;29.35697436
BGSPL14g_14_g;GCCCATTGACAAGGCTCTgGCGGCCAGGTATAATTGCACG;23.59375766
BGSPL14g_14_g;GCCCATTGACAAGGCTCTgGCGGCCAGGTATAATTGCACG;25.21194543
BGSPL14g_14_t;GCCCATTGACAAGGCTCTtGCGGCCAGGTATAATTGCACG;24.04551773
BGSPL14g_14_t;GCCCATTGACAAGGCTCTtGCGGCCAGGTATAATTGCACG;22.90457745
BGSPL14g_14_t;GCCCATTGACAAGGCTCTtGCGGCCAGGTATAATTGCACG;23.44136673
BGSPL14g_15_t;GCCCATTGACAAGGCTCTCtCGGCCAGGTATAATTGCACG;25.43973875
BGSPL14g_15_t;GCCCATTGACAAGGCTCTCtCGGCCAGGTATAATTGCACG;24.24514035
BGSPL14g_15_t;GCCCATTGACAAGGCTCTCtCGGCCAGGTATAATTGCACG;24.55614734
BGSPL14g_16_a;GCCCATTGACAAGGCTCTCGaGGCCAGGTATAATTGCACG;26.3724629
BGSPL14g_16_a;GCCCATTGACAAGGCTCTCGaGGCCAGGTATAATTGCACG;22.58767245
BGSPL14g_16_a;GCCCATTGACAAGGCTCTCGaGGCCAGGTATAATTGCACG;26.1930098
BGSPL14g_16_g;GCCCATTGACAAGGCTCTCGgGGCCAGGTATAATTGCACG;25.89607851
BGSPL14g_16_g;GCCCATTGACAAGGCTCTCGgGGCCAGGTATAATTGCACG;23.36391358
BGSPL14g_16_g;GCCCATTGACAAGGCTCTCGgGGCCAGGTATAATTGCACG;25.96160101
BGSPL14g_16_t;GCCCATTGACAAGGCTCTCGtGGCCAGGTATAATTGCACG;23.92723978
BGSPL14g_16_t;GCCCATTGACAAGGCTCTCGtGGCCAGGTATAATTGCACG;23.71289361
BGSPL14g_16_t;GCCCATTGACAAGGCTCTCGtGGCCAGGTATAATTGCACG;21.15259125
BGSPL14g_17_a;GCCCATTGACAAGGCTCTCGCaGCCAGGTATAATTGCACG;23.2326311
BGSPL14g_17_a;GCCCATTGACAAGGCTCTCGCaGCCAGGTATAATTGCACG;26.05515366
BGSPL14g_17_a;GCCCATTGACAAGGCTCTCGCaGCCAGGTATAATTGCACG;24.83269137
BGSPL14g_17_c;GCCCATTGACAAGGCTCTCGCcGCCAGGTATAATTGCACG;24.07270798
BGSPL14g_17_c;GCCCATTGACAAGGCTCTCGCcGCCAGGTATAATTGCACG;22.38062301
BGSPL14g_17_c;GCCCATTGACAAGGCTCTCGCcGCCAGGTATAATTGCACG;25.96768419
BGSPL14g_18_g;GCCCATTGACAAGGCTCTCGCGgCCAGGTATAATTGCACG;25.75637847
BGSPL14g_18_g;GCCCATTGACAAGGCTCTCGCGgCCAGGTATAATTGCACG;24.49214472
BGSPL14g_18_g;GCCCATTGACAAGGCTCTCGCGgCCAGGTATAATTGCACG;23.07603928
BGSPL14g_19_a;GCCCATTGACAAGGCTCTCGCGGaCAGGTATAATTGCACG;22.51457007
BGSPL14g_19_a;GCCCATTGACAAGGCTCTCGCGGaCAGGTATAATTGCACG;22.4132477
BGSPL14g_19_a;GCCCATTGACAAGGCTCTCGCGGaCAGGTATAATTGCACG;50.13234789
BGSPL14g_20_a;GCCCATTGACAAGGCTCTCGCGGCaAGGTATAATTGCACG;22.83804838
BGSPL14g_20_a;GCCCATTGACAAGGCTCTCGCGGCaAGGTATAATTGCACG;22.296424
BGSPL14g_20_a;GCCCATTGACAAGGCTCTCGCGGCaAGGTATAATTGCACG;21.25629466
BGSPL14g_20_g;GCCCATTGACAAGGCTCTCGCGGCgAGGTATAATTGCACG;22.1861053
BGSPL14g_20_g;GCCCATTGACAAGGCTCTCGCGGCgAGGTATAATTGCACG;23.67019354
BGSPL14g_20_g;GCCCATTGACAAGGCTCTCGCGGCgAGGTATAATTGCACG;24.15420107
BGSPL14g_21_c;GCCCATTGACAAGGCTCTCGCGGCCcGGTATAATTGCACG;26.68314646
BGSPL14g_21_c;GCCCATTGACAAGGCTCTCGCGGCCcGGTATAATTGCACG;22.27636734
BGSPL14g_21_c;GCCCATTGACAAGGCTCTCGCGGCCcGGTATAATTGCACG;22.38965431
BGSPL14g_21_g;GCCCATTGACAAGGCTCTCGCGGCCgGGTATAATTGCACG;25.7834531
BGSPL14g_21_g;GCCCATTGACAAGGCTCTCGCGGCCgGGTATAATTGCACG;22.98600858
BGSPL14g_21_t;GCCCATTGACAAGGCTCTCGCGGCCtGGTATAATTGCACG;19.78935966
BGSPL14g_21_t;GCCCATTGACAAGGCTCTCGCGGCCtGGTATAATTGCACG;18.532269
BGSPL14g_21_t;GCCCATTGACAAGGCTCTCGCGGCCtGGTATAATTGCACG;17.43983011
BGSPL14g_22_a;GCCCATTGACAAGGCTCTCGCGGCCAaGTATAATTGCACG;26.48736915
BGSPL14g_22_a;GCCCATTGACAAGGCTCTCGCGGCCAaGTATAATTGCACG;21.73604104
BGSPL14g_22_a;GCCCATTGACAAGGCTCTCGCGGCCAaGTATAATTGCACG;23.67123948
BGSPL14g_22_t;GCCCATTGACAAGGCTCTCGCGGCCAtGTATAATTGCACG;27.87352953
BGSPL14g_22_t;GCCCATTGACAAGGCTCTCGCGGCCAtGTATAATTGCACG;22.19489849
BGSPL14g_22_t;GCCCATTGACAAGGCTCTCGCGGCCAtGTATAATTGCACG;20.71686835
BGSPL14g_24_a;GCCCATTGACAAGGCTCTCGCGGCCAGGaATAATTGCACG;14.93796043
BGSPL14g_24_a;GCCCATTGACAAGGCTCTCGCGGCCAGGaATAATTGCACG;14.43821388
BGSPL14g_24_a;GCCCATTGACAAGGCTCTCGCGGCCAGGaATAATTGCACG;14.02089604
BGSPL14g_24_a;GCCCATTGACAAGGCTCTCGCGGCCAGGaATAATTGCACG;13.9182948
BGSPL14g_24_a;GCCCATTGACAAGGCTCTCGCGGCCAGGaATAATTGCACG;14.33911973
BGSPL14g_24_a;GCCCATTGACAAGGCTCTCGCGGCCAGGaATAATTGCACG;14.45646046
BGSPL14g_24_a;GCCCATTGACAAGGCTCTCGCGGCCAGGaATAATTGCACG;15.44145236
BGSPL14g_24_a;GCCCATTGACAAGGCTCTCGCGGCCAGGaATAATTGCACG;15.36184841
BGSPL14g_24_a;GCCCATTGACAAGGCTCTCGCGGCCAGGaATAATTGCACG;15.86995086
BGSPL14g_24_a;GCCCATTGACAAGGCTCTCGCGGCCAGGaATAATTGCACG;18.92951604
BGSPL14g_24_a;GCCCATTGACAAGGCTCTCGCGGCCAGGaATAATTGCACG;18.68377439
BGSPL14g_24_a;GCCCATTGACAAGGCTCTCGCGGCCAGGaATAATTGCACG;18.39169358
BGSPL14g_24_t;GCCCATTGACAAGGCTCTCGCGGCCAGGtATAATTGCACG;20.20726015
BGSPL14g_24_t;GCCCATTGACAAGGCTCTCGCGGCCAGGtATAATTGCACG;20.27030221
BGSPL14g_24_t;GCCCATTGACAAGGCTCTCGCGGCCAGGtATAATTGCACG;19.95695837
BGSPL14g_24_t;GCCCATTGACAAGGCTCTCGCGGCCAGGtATAATTGCACG;21.44106726
BGSPL14g_24_t;GCCCATTGACAAGGCTCTCGCGGCCAGGtATAATTGCACG;21.73869828
BGSPL14g_24_t;GCCCATTGACAAGGCTCTCGCGGCCAGGtATAATTGCACG;20.62007692
BGSPL14g_24_t;GCCCATTGACAAGGCTCTCGCGGCCAGGtATAATTGCACG;20.98126172
BGSPL14g_24_t;GCCCATTGACAAGGCTCTCGCGGCCAGGtATAATTGCACG;21.45608842
BGSPL14g_24_t;GCCCATTGACAAGGCTCTCGCGGCCAGGtATAATTGCACG;22.83223849
BGSPL14g_24_t;GCCCATTGACAAGGCTCTCGCGGCCAGGtATAATTGCACG;21.34865991
BGSPL14g_24_t;GCCCATTGACAAGGCTCTCGCGGCCAGGtATAATTGCACG;21.5820695
BGSPL14g_25_a;GCCCATTGACAAGGCTCTCGCGGCCAGGTaTAATTGCACG;26.08735653
BGSPL14g_25_a;GCCCATTGACAAGGCTCTCGCGGCCAGGTaTAATTGCACG;27.1202724
BGSPL14g_25_a;GCCCATTGACAAGGCTCTCGCGGCCAGGTaTAATTGCACG;26.60389434
BGSPL14g_25_a;GCCCATTGACAAGGCTCTCGCGGCCAGGTaTAATTGCACG;28.88221988
BGSPL14g_25_a;GCCCATTGACAAGGCTCTCGCGGCCAGGTaTAATTGCACG;29.02526856
BGSPL14g_25_a;GCCCATTGACAAGGCTCTCGCGGCCAGGTaTAATTGCACG;28.77840735
BGSPL14g_25_a;GCCCATTGACAAGGCTCTCGCGGCCAGGTaTAATTGCACG;28.77757828
BGSPL14g_25_a;GCCCATTGACAAGGCTCTCGCGGCCAGGTaTAATTGCACG;29.63925552
BGSPL14g_25_a;GCCCATTGACAAGGCTCTCGCGGCCAGGTaTAATTGCACG;29.55088806
BGSPL14g_25_g;GCCCATTGACAAGGCTCTCGCGGCCAGGTgTAATTGCACG;9.280910617
BGSPL14g_25_g;GCCCATTGACAAGGCTCTCGCGGCCAGGTgTAATTGCACG;9.736606775
BGSPL14g_25_g;GCCCATTGACAAGGCTCTCGCGGCCAGGTgTAATTGCACG;9.666291496
BGSPL14g_25_g;GCCCATTGACAAGGCTCTCGCGGCCAGGTgTAATTGCACG;9.701440831
BGSPL14g_25_g;GCCCATTGACAAGGCTCTCGCGGCCAGGTgTAATTGCACG;9.518204037
BGSPL14g_25_g;GCCCATTGACAAGGCTCTCGCGGCCAGGTgTAATTGCACG;9.610263705
BGSPL14g_25_g;GCCCATTGACAAGGCTCTCGCGGCCAGGTgTAATTGCACG;8.516273789
BGSPL14g_25_g;GCCCATTGACAAGGCTCTCGCGGCCAGGTgTAATTGCACG;8.74451442
BGSPL14g_25_g;GCCCATTGACAAGGCTCTCGCGGCCAGGTgTAATTGCACG;8.544622733
BGSPL14g_25_g;GCCCATTGACAAGGCTCTCGCGGCCAGGTgTAATTGCACG;12.59685617
BGSPL14g_25_g;GCCCATTGACAAGGCTCTCGCGGCCAGGTgTAATTGCACG;10.4657207
BGSPL14g_25_g;GCCCATTGACAAGGCTCTCGCGGCCAGGTgTAATTGCACG;16.10673804
BGSPL14g_26_a;GCCCATTGACAAGGCTCTCGCGGCCAGGTAaAATTGCACG;27.59654646
BGSPL14g_26_a;GCCCATTGACAAGGCTCTCGCGGCCAGGTAaAATTGCACG;28.25917084
BGSPL14g_26_a;GCCCATTGACAAGGCTCTCGCGGCCAGGTAaAATTGCACG;26.27284985
BGSPL14g_26_a;GCCCATTGACAAGGCTCTCGCGGCCAGGTAaAATTGCACG;30.86021186
BGSPL14g_26_a;GCCCATTGACAAGGCTCTCGCGGCCAGGTAaAATTGCACG;29.06054881
BGSPL14g_26_a;GCCCATTGACAAGGCTCTCGCGGCCAGGTAaAATTGCACG;29.48673163
BGSPL14g_26_a;GCCCATTGACAAGGCTCTCGCGGCCAGGTAaAATTGCACG;29.56302422
BGSPL14g_26_a;GCCCATTGACAAGGCTCTCGCGGCCAGGTAaAATTGCACG;29.0174066
BGSPL14g_26_a;GCCCATTGACAAGGCTCTCGCGGCCAGGTAaAATTGCACG;30.13576025
BGSPL14g_26_a;GCCCATTGACAAGGCTCTCGCGGCCAGGTAaAATTGCACG;30.61969246
BGSPL14g_26_a;GCCCATTGACAAGGCTCTCGCGGCCAGGTAaAATTGCACG;30.84913373
BGSPL14g_26_a;GCCCATTGACAAGGCTCTCGCGGCCAGGTAaAATTGCACG;29.32666748
BGSPL14g_26_c;GCCCATTGACAAGGCTCTCGCGGCCAGGTAcAATTGCACG;28.9994018
BGSPL14g_26_c;GCCCATTGACAAGGCTCTCGCGGCCAGGTAcAATTGCACG;30.44680634
BGSPL14g_26_c;GCCCATTGACAAGGCTCTCGCGGCCAGGTAcAATTGCACG;29.33742416
BGSPL14g_26_c;GCCCATTGACAAGGCTCTCGCGGCCAGGTAcAATTGCACG;32.23832513
BGSPL14g_26_c;GCCCATTGACAAGGCTCTCGCGGCCAGGTAcAATTGCACG;32.43274328
BGSPL14g_26_c;GCCCATTGACAAGGCTCTCGCGGCCAGGTAcAATTGCACG;32.23796099
BGSPL14g_26_c;GCCCATTGACAAGGCTCTCGCGGCCAGGTAcAATTGCACG;31.11147763
BGSPL14g_26_c;GCCCATTGACAAGGCTCTCGCGGCCAGGTAcAATTGCACG;30.31727302
BGSPL14g_26_c;GCCCATTGACAAGGCTCTCGCGGCCAGGTAcAATTGCACG;31.41236238
BGSPL14g_26_g;GCCCATTGACAAGGCTCTCGCGGCCAGGTAgAATTGCACG;31.87937584
BGSPL14g_26_g;GCCCATTGACAAGGCTCTCGCGGCCAGGTAgAATTGCACG;32.67085686
BGSPL14g_26_g;GCCCATTGACAAGGCTCTCGCGGCCAGGTAgAATTGCACG;33.13938431
BGSPL14g_26_g;GCCCATTGACAAGGCTCTCGCGGCCAGGTAgAATTGCACG;33.50912389
BGSPL14g_26_g;GCCCATTGACAAGGCTCTCGCGGCCAGGTAgAATTGCACG;33.33153822
BGSPL14g_26_g;GCCCATTGACAAGGCTCTCGCGGCCAGGTAgAATTGCACG;34.26440396
BGSPL14g_26_g;GCCCATTGACAAGGCTCTCGCGGCCAGGTAgAATTGCACG;35.15239853
BGSPL14g_26_g;GCCCATTGACAAGGCTCTCGCGGCCAGGTAgAATTGCACG;34.91398977
BGSPL14g_26_g;GCCCATTGACAAGGCTCTCGCGGCCAGGTAgAATTGCACG;34.67550984
BGSPL14g_27_g;GCCCATTGACAAGGCTCTCGCGGCCAGGTATgATTGCACG;28.13099833
BGSPL14g_27_g;GCCCATTGACAAGGCTCTCGCGGCCAGGTATgATTGCACG;27.27365906
BGSPL14g_27_g;GCCCATTGACAAGGCTCTCGCGGCCAGGTATgATTGCACG;28.02097538
BGSPL14g_27_g;GCCCATTGACAAGGCTCTCGCGGCCAGGTATgATTGCACG;29.59716945
BGSPL14g_27_g;GCCCATTGACAAGGCTCTCGCGGCCAGGTATgATTGCACG;29.58658687
BGSPL14g_27_g;GCCCATTGACAAGGCTCTCGCGGCCAGGTATgATTGCACG;29.39395004
BGSPL14g_27_g;GCCCATTGACAAGGCTCTCGCGGCCAGGTATgATTGCACG;29.07544391
BGSPL14g_27_g;GCCCATTGACAAGGCTCTCGCGGCCAGGTATgATTGCACG;28.55873341
BGSPL14g_27_g;GCCCATTGACAAGGCTCTCGCGGCCAGGTATgATTGCACG;28.87684088
BGSPL14g_27_g;GCCCATTGACAAGGCTCTCGCGGCCAGGTATgATTGCACG;29.92378703
BGSPL14g_27_g;GCCCATTGACAAGGCTCTCGCGGCCAGGTATgATTGCACG;30.39501807
BGSPL14g_27_g;GCCCATTGACAAGGCTCTCGCGGCCAGGTATgATTGCACG;29.60064641
BGSPL14g_27_tc;GCCCATTGACAAGGCTCTCGCGGCCAGGTATtcTTGCACG;7.879603042
BGSPL14g_27_tc;GCCCATTGACAAGGCTCTCGCGGCCAGGTATtcTTGCACG;7.848655355
BGSPL14g_27_tc;GCCCATTGACAAGGCTCTCGCGGCCAGGTATtcTTGCACG;7.709563027
BGSPL14g_27_tc;GCCCATTGACAAGGCTCTCGCGGCCAGGTATtcTTGCACG;7.559368251
BGSPL14g_27_tc;GCCCATTGACAAGGCTCTCGCGGCCAGGTATtcTTGCACG;7.735586949
BGSPL14g_27_tc;GCCCATTGACAAGGCTCTCGCGGCCAGGTATtcTTGCACG;7.569952017
BGSPL14g_27_tc;GCCCATTGACAAGGCTCTCGCGGCCAGGTATtcTTGCACG;8.851301117
BGSPL14g_27_tc;GCCCATTGACAAGGCTCTCGCGGCCAGGTATtcTTGCACG;9.251276944
BGSPL14g_27_tc;GCCCATTGACAAGGCTCTCGCGGCCAGGTATtcTTGCACG;8.954189222
BGSPL14g_28_c;GCCCATTGACAAGGCTCTCGCGGCCAGGTATAcTTGCACG;31.35665954
BGSPL14g_28_c;GCCCATTGACAAGGCTCTCGCGGCCAGGTATAcTTGCACG;31.78717599
BGSPL14g_28_c;GCCCATTGACAAGGCTCTCGCGGCCAGGTATAcTTGCACG;30.85171323
BGSPL14g_28_c;GCCCATTGACAAGGCTCTCGCGGCCAGGTATAcTTGCACG;31.56235202
BGSPL14g_28_c;GCCCATTGACAAGGCTCTCGCGGCCAGGTATAcTTGCACG;32.32058701
BGSPL14g_28_c;GCCCATTGACAAGGCTCTCGCGGCCAGGTATAcTTGCACG;32.36159697
BGSPL14g_28_c;GCCCATTGACAAGGCTCTCGCGGCCAGGTATAcTTGCACG;31.23108236
BGSPL14g_28_c;GCCCATTGACAAGGCTCTCGCGGCCAGGTATAcTTGCACG;32.26861689
BGSPL14g_28_c;GCCCATTGACAAGGCTCTCGCGGCCAGGTATAcTTGCACG;31.51451466
BGSPL14g_28_c;GCCCATTGACAAGGCTCTCGCGGCCAGGTATAcTTGCACG;22.45600947
BGSPL14g_28_c;GCCCATTGACAAGGCTCTCGCGGCCAGGTATAcTTGCACG;22.37359758
BGSPL14g_28_c;GCCCATTGACAAGGCTCTCGCGGCCAGGTATAcTTGCACG;22.33241295
BGSPL14g_28_g;GCCCATTGACAAGGCTCTCGCGGCCAGGTATAgTTGCACG;28.12075501
BGSPL14g_28_g;GCCCATTGACAAGGCTCTCGCGGCCAGGTATAgTTGCACG;27.74647544
BGSPL14g_28_g;GCCCATTGACAAGGCTCTCGCGGCCAGGTATAgTTGCACG;28.07846438
BGSPL14g_28_g;GCCCATTGACAAGGCTCTCGCGGCCAGGTATAgTTGCACG;29.77247197
BGSPL14g_28_g;GCCCATTGACAAGGCTCTCGCGGCCAGGTATAgTTGCACG;30.25060352
BGSPL14g_28_g;GCCCATTGACAAGGCTCTCGCGGCCAGGTATAgTTGCACG;28.80195688
BGSPL14g_28_g;GCCCATTGACAAGGCTCTCGCGGCCAGGTATAgTTGCACG;28.3090963
BGSPL14g_28_g;GCCCATTGACAAGGCTCTCGCGGCCAGGTATAgTTGCACG;29.6404087
BGSPL14g_28_g;GCCCATTGACAAGGCTCTCGCGGCCAGGTATAgTTGCACG;28.99484256
BGSPL14g_28_t;GCCCATTGACAAGGCTCTCGCGGCCAGGTATAtTTGCACG;27.41118206
BGSPL14g_28_t;GCCCATTGACAAGGCTCTCGCGGCCAGGTATAtTTGCACG;28.34074338
BGSPL14g_28_t;GCCCATTGACAAGGCTCTCGCGGCCAGGTATAtTTGCACG;28.27997729
BGSPL14g_28_t;GCCCATTGACAAGGCTCTCGCGGCCAGGTATAtTTGCACG;27.26553669
BGSPL14g_28_t;GCCCATTGACAAGGCTCTCGCGGCCAGGTATAtTTGCACG;28.54752027
BGSPL14g_28_t;GCCCATTGACAAGGCTCTCGCGGCCAGGTATAtTTGCACG;27.92589883
BGSPL14g_28_t;GCCCATTGACAAGGCTCTCGCGGCCAGGTATAtTTGCACG;28.28158423
BGSPL14g_28_t;GCCCATTGACAAGGCTCTCGCGGCCAGGTATAtTTGCACG;28.03072792
BGSPL14g_28_t;GCCCATTGACAAGGCTCTCGCGGCCAGGTATAtTTGCACG;27.78315569
BGSPL14g_29_g;GCCCATTGACAAGGCTCTCGCGGCCAGGTATAAgTGCACG;0.452095699
BGSPL14g_29_g;GCCCATTGACAAGGCTCTCGCGGCCAGGTATAAgTGCACG;0.363528783
BGSPL14g_29_g;GCCCATTGACAAGGCTCTCGCGGCCAGGTATAAgTGCACG;0.429773412
BGSPL14g_29_g;GCCCATTGACAAGGCTCTCGCGGCCAGGTATAAgTGCACG;20.15011831
BGSPL14g_29_g;GCCCATTGACAAGGCTCTCGCGGCCAGGTATAAgTGCACG;20.34579935
BGSPL14g_29_g;GCCCATTGACAAGGCTCTCGCGGCCAGGTATAAgTGCACG;20.36953947
BGSPL14g_29_g;GCCCATTGACAAGGCTCTCGCGGCCAGGTATAAgTGCACG;21.88931667
BGSPL14g_29_g;GCCCATTGACAAGGCTCTCGCGGCCAGGTATAAgTGCACG;21.73816328
BGSPL14g_29_g;GCCCATTGACAAGGCTCTCGCGGCCAGGTATAAgTGCACG;21.6788709
BGSPL14g_29_g;GCCCATTGACAAGGCTCTCGCGGCCAGGTATAAgTGCACG;20.13533194
BGSPL14g_29_g;GCCCATTGACAAGGCTCTCGCGGCCAGGTATAAgTGCACG;19.8060681
BGSPL14g_29_g;GCCCATTGACAAGGCTCTCGCGGCCAGGTATAAgTGCACG;20.05235024
BGSPL14g_30_a;GCCCATTGACAAGGCTCTCGCGGCCAGGTATAATaGCACG;19.47528267
BGSPL14g_30_a;GCCCATTGACAAGGCTCTCGCGGCCAGGTATAATaGCACG;24.98431259
BGSPL14g_30_a;GCCCATTGACAAGGCTCTCGCGGCCAGGTATAATaGCACG;22.19597444
BGSPL14g_30_g;GCCCATTGACAAGGCTCTCGCGGCCAGGTATAATgGCACG;15.16416661
BGSPL14g_30_g;GCCCATTGACAAGGCTCTCGCGGCCAGGTATAATgGCACG;13.71912337
BGSPL14g_30_g;GCCCATTGACAAGGCTCTCGCGGCCAGGTATAATgGCACG;32.55015688
Comb_001_ttGACA__TAgAcT;GCCCAttGACAAGGCTCTCGCGGCCAGGTAgAcTTGCACG;19.63618865
Comb_001_ttGACA__TAgAcT;GCCCAttGACAAGGCTCTCGCGGCCAGGTAgAcTTGCACG;19.79982651
Comb_001_ttGACA__TAgAcT;GCCCAttGACAAGGCTCTCGCGGCCAGGTAgAcTTGCACG;19.93941534
Comb_001_ttGACA__TAgAcT;GCCCAttGACAAGGCTCTCGCGGCCAGGTAgAcTTGCACG;21.24906748
Comb_001_ttGACA__TAgAcT;GCCCAttGACAAGGCTCTCGCGGCCAGGTAgAcTTGCACG;20.49153991
Comb_001_ttGACA__TAgAcT;GCCCAttGACAAGGCTCTCGCGGCCAGGTAgAcTTGCACG;19.80395433
Comb_001_ttGACA__TAgAcT;GCCCAttGACAAGGCTCTCGCGGCCAGGTAgAcTTGCACG;21.70915518
Comb_001_ttGACA__TAgAcT;GCCCAttGACAAGGCTCTCGCGGCCAGGTAgAcTTGCACG;22.30254944
Comb_001_ttGACA__TAgAcT;GCCCAttGACAAGGCTCTCGCGGCCAGGTAgAcTTGCACG;21.53768196
Comb_010_ttGACA__TAtAcT;GCCCAttGACAAGGCTCTCGCGGCCAGGTAtAcTTGCACG;21.85102776
Comb_010_ttGACA__TAtAcT;GCCCAttGACAAGGCTCTCGCGGCCAGGTAtAcTTGCACG;22.3839653
Comb_010_ttGACA__TAtAcT;GCCCAttGACAAGGCTCTCGCGGCCAGGTAtAcTTGCACG;22.62631863
Comb_010_ttGACA__TAtAcT;GCCCAttGACAAGGCTCTCGCGGCCAGGTAtAcTTGCACG;23.73331807
Comb_010_ttGACA__TAtAcT;GCCCAttGACAAGGCTCTCGCGGCCAGGTAtAcTTGCACG;22.40656737
Comb_010_ttGACA__TAtAcT;GCCCAttGACAAGGCTCTCGCGGCCAGGTAtAcTTGCACG;24.09477586
Comb_010_ttGACA__TAtAcT;GCCCAttGACAAGGCTCTCGCGGCCAGGTAtAcTTGCACG;22.8400269
Comb_010_ttGACA__TAtAcT;GCCCAttGACAAGGCTCTCGCGGCCAGGTAtAcTTGCACG;22.4154633
Comb_010_ttGACA__TAtAcT;GCCCAttGACAAGGCTCTCGCGGCCAGGTAtAcTTGCACG;21.44863008
Comb_252_ttGACA__TAgAaT;GCCCAttGACAAGGCTCTCGCGGCCAGGTAgAaTTGCACG;26.57606828
Comb_252_ttGACA__TAgAaT;GCCCAttGACAAGGCTCTCGCGGCCAGGTAgAaTTGCACG;26.97583928
Comb_252_ttGACA__TAgAaT;GCCCAttGACAAGGCTCTCGCGGCCAGGTAgAaTTGCACG;27.52962023
Comb_252_ttGACA__TAgAaT;GCCCAttGACAAGGCTCTCGCGGCCAGGTAgAaTTGCACG;26.44512913
Comb_252_ttGACA__TAgAaT;GCCCAttGACAAGGCTCTCGCGGCCAGGTAgAaTTGCACG;26.92578482
Comb_252_ttGACA__TAgAaT;GCCCAttGACAAGGCTCTCGCGGCCAGGTAgAaTTGCACG;27.20553618
Comb_252_ttGACA__TAgAaT;GCCCAttGACAAGGCTCTCGCGGCCAGGTAgAaTTGCACG;27.12816877
Comb_252_ttGACA__TAgAaT;GCCCAttGACAAGGCTCTCGCGGCCAGGTAgAaTTGCACG;25.44500593
Comb_252_ttGACA__TAgAaT;GCCCAttGACAAGGCTCTCGCGGCCAGGTAgAaTTGCACG;26.70940597
Comb_260_tcGACA__TAgAaT;GCCCAtcGACAAGGCTCTCGCGGCCAGGTAgAaTTGCACG;8.085971664
Comb_260_tcGACA__TAgAaT;GCCCAtcGACAAGGCTCTCGCGGCCAGGTAgAaTTGCACG;7.684084641
Comb_260_tcGACA__TAgAaT;GCCCAtcGACAAGGCTCTCGCGGCCAGGTAgAaTTGCACG;7.778012439
Comb_260_tcGACA__TAgAaT;GCCCAtcGACAAGGCTCTCGCGGCCAGGTAgAaTTGCACG;7.547490029
Comb_260_tcGACA__TAgAaT;GCCCAtcGACAAGGCTCTCGCGGCCAGGTAgAaTTGCACG;7.773606611
Comb_260_tcGACA__TAgAaT;GCCCAtcGACAAGGCTCTCGCGGCCAGGTAgAaTTGCACG;7.58685339
Comb_260_tcGACA__TAgAaT;GCCCAtcGACAAGGCTCTCGCGGCCAGGTAgAaTTGCACG;7.758675504
Comb_260_tcGACA__TAgAaT;GCCCAtcGACAAGGCTCTCGCGGCCAGGTAgAaTTGCACG;7.907965406
Comb_260_tcGACA__TAgAaT;GCCCAtcGACAAGGCTCTCGCGGCCAGGTAgAaTTGCACG;7.68539723
Comb_003_ttGACA__TAgAaT;GCCCAttGACAAGGCTCTCGCGGCCAGGTAgAaTTGCACG;32.028463
Comb_003_ttGACA__TAgAaT;GCCCAttGACAAGGCTCTCGCGGCCAGGTAgAaTTGCACG;31.4135092
Comb_003_ttGACA__TAgAaT;GCCCAttGACAAGGCTCTCGCGGCCAGGTAgAaTTGCACG;32.74100167
Comb_003_ttGACA__TAgAaT;GCCCAttGACAAGGCTCTCGCGGCCAGGTAgAaTTGCACG;35.1189654
Comb_003_ttGACA__TAgAaT;GCCCAttGACAAGGCTCTCGCGGCCAGGTAgAaTTGCACG;35.14383028
Comb_003_ttGACA__TAgAaT;GCCCAttGACAAGGCTCTCGCGGCCAGGTAgAaTTGCACG;33.66693654
Comb_003_ttGACA__TAgAaT;GCCCAttGACAAGGCTCTCGCGGCCAGGTAgAaTTGCACG;28.19036446
Comb_003_ttGACA__TAgAaT;GCCCAttGACAAGGCTCTCGCGGCCAGGTAgAaTTGCACG;27.18171505
Comb_003_ttGACA__TAgAaT;GCCCAttGACAAGGCTCTCGCGGCCAGGTAgAaTTGCACG;28.04412334
10_28_TAgAaT;GCCCATTGACAAGGCTCTCGCGGCCAGGTAgAaTTGCACG;27.511953
10_28_TAgAaT;GCCCATTGACAAGGCTCTCGCGGCCAGGTAgAaTTGCACG;28.42111242
10_28_TAgAaT;GCCCATTGACAAGGCTCTCGCGGCCAGGTAgAaTTGCACG;28.08454809
10_28_TAgAaT;GCCCATTGACAAGGCTCTCGCGGCCAGGTAgAaTTGCACG;27.37198595
10_28_TAgAaT;GCCCATTGACAAGGCTCTCGCGGCCAGGTAgAaTTGCACG;27.37554842
10_28_TAgAaT;GCCCATTGACAAGGCTCTCGCGGCCAGGTAgAaTTGCACG;27.68415344
10_28_TAgAaT;GCCCATTGACAAGGCTCTCGCGGCCAGGTAgAaTTGCACG;26.98889026
10_28_TAgAaT;GCCCATTGACAAGGCTCTCGCGGCCAGGTAgAaTTGCACG;27.33114386
10_28_TAgAaT;GCCCATTGACAAGGCTCTCGCGGCCAGGTAgAaTTGCACG;27.09700509
10_03_TAtAcT;GCCCATTGACAAGGCTCTCGCGGCCAGGTAtAcTTGCACG;23.75337079
10_03_TAtAcT;GCCCATTGACAAGGCTCTCGCGGCCAGGTAtAcTTGCACG;23.78704121
10_03_TAtAcT;GCCCATTGACAAGGCTCTCGCGGCCAGGTAtAcTTGCACG;24.51176929
10_03_TAtAcT;GCCCATTGACAAGGCTCTCGCGGCCAGGTAtAcTTGCACG;25.04929856
10_03_TAtAcT;GCCCATTGACAAGGCTCTCGCGGCCAGGTAtAcTTGCACG;24.12123712
10_03_TAtAcT;GCCCATTGACAAGGCTCTCGCGGCCAGGTAtAcTTGCACG;25.03092587
10_03_TAtAcT;GCCCATTGACAAGGCTCTCGCGGCCAGGTAtAcTTGCACG;14.63473029
10_03_TAtAcT;GCCCATTGACAAGGCTCTCGCGGCCAGGTAtAcTTGCACG;14.43989369
10_03_TAtAcT;GCCCATTGACAAGGCTCTCGCGGCCAGGTAtAcTTGCACG;15.36660972
10_34_TAaAcT;GCCCATTGACAAGGCTCTCGCGGCCAGGTAaAcTTGCACG;23.2901239
10_34_TAaAcT;GCCCATTGACAAGGCTCTCGCGGCCAGGTAaAcTTGCACG;24.08956207
10_34_TAaAcT;GCCCATTGACAAGGCTCTCGCGGCCAGGTAaAcTTGCACG;23.29977042
10_34_TAaAcT;GCCCATTGACAAGGCTCTCGCGGCCAGGTAaAcTTGCACG;23.79186157
10_34_TAaAcT;GCCCATTGACAAGGCTCTCGCGGCCAGGTAaAcTTGCACG;23.8806491
10_34_TAaAcT;GCCCATTGACAAGGCTCTCGCGGCCAGGTAaAcTTGCACG;24.21938328
10_34_TAaAcT;GCCCATTGACAAGGCTCTCGCGGCCAGGTAaAcTTGCACG;23.05639787
10_34_TAaAcT;GCCCATTGACAAGGCTCTCGCGGCCAGGTAaAcTTGCACG;23.78987533
10_34_TAaAcT;GCCCATTGACAAGGCTCTCGCGGCCAGGTAaAcTTGCACG;23.66845434
10_65_TAcAT;GCCCATTGACAAGGCTCTCGCGGCCAGGTAcAaTTGCACG;26.17999378
10_65_TAcAT;GCCCATTGACAAGGCTCTCGCGGCCAGGTAcAaTTGCACG;24.83714188
10_65_TAcAT;GCCCATTGACAAGGCTCTCGCGGCCAGGTAcAaTTGCACG;23.7453438
10_65_TAcAT;GCCCATTGACAAGGCTCTCGCGGCCAGGTAcAaTTGCACG;30.50546764
10_65_TAcAT;GCCCATTGACAAGGCTCTCGCGGCCAGGTAcAaTTGCACG;30.39683734
10_65_TAcAT;GCCCATTGACAAGGCTCTCGCGGCCAGGTAcAaTTGCACG;29.69892555
10_65_TAcAT;GCCCATTGACAAGGCTCTCGCGGCCAGGTAcAaTTGCACG;24.8563174
10_65_TAcAT;GCCCATTGACAAGGCTCTCGCGGCCAGGTAcAaTTGCACG;25.38174844
10_65_TAcAT;GCCCATTGACAAGGCTCTCGCGGCCAGGTAcAaTTGCACG;24.9609026
10_74_TAtAcT;GCCCATTGACAAGGCTCTCGCGGCCAGGTATAcTTGCACG;24.36248407
10_74_TAtAcT;GCCCATTGACAAGGCTCTCGCGGCCAGGTATAcTTGCACG;23.06319244
10_74_TAtAcT;GCCCATTGACAAGGCTCTCGCGGCCAGGTATAcTTGCACG;24.58202709
10_74_TAtAcT;GCCCATTGACAAGGCTCTCGCGGCCAGGTATAcTTGCACG;25.43167751
10_74_TAtAcT;GCCCATTGACAAGGCTCTCGCGGCCAGGTATAcTTGCACG;25.38108333
10_74_TAtAcT;GCCCATTGACAAGGCTCTCGCGGCCAGGTATAcTTGCACG;24.73910266
10_74_TAtAcT;GCCCATTGACAAGGCTCTCGCGGCCAGGTATAcTTGCACG;24.8317716
10_74_TAtAcT;GCCCATTGACAAGGCTCTCGCGGCCAGGTATAcTTGCACG;24.52903579
10_74_TAtAcT;GCCCATTGACAAGGCTCTCGCGGCCAGGTATAcTTGCACG;24.42465863
10_84_TAcAT;GCCCATTGACAAGGCTCTCGCGGCCAGGTAcAaTTGCACG;27.69085576
10_84_TAcAaT;GCCCATTGACAAGGCTCTCGCGGCCAGGTAcAaTTGCACG;28.52661106
10_84_TAcAaT;GCCCATTGACAAGGCTCTCGCGGCCAGGTAcAaTTGCACG;27.04586863
10_84_TAcAaT;GCCCATTGACAAGGCTCTCGCGGCCAGGTAcAaTTGCACG;26.23628148
10_84_TAcAaT;GCCCATTGACAAGGCTCTCGCGGCCAGGTAcAaTTGCACG;25.38604139
10_84_TAcAaT;GCCCATTGACAAGGCTCTCGCGGCCAGGTAcAaTTGCACG;26.08759952
10_84_TAcAaT;GCCCATTGACAAGGCTCTCGCGGCCAGGTAcAaTTGCACG;25.42792222
10_84_TAcAaT;GCCCATTGACAAGGCTCTCGCGGCCAGGTAcAaTTGCACG;25.59277894
10_84_TAcAaT;GCCCATTGACAAGGCTCTCGCGGCCAGGTAcAaTTGCACG;24.88636639
