Promoter number,GFP mean,GFP StDev,GFP N,mOrange mean,mOrange StDev,mOrange N,DNA Sequence
1,75.0094209366667,2.09487081044956,3,8.74256592733333,1.35372395019421,3,GTCATGCAGCCATCTTTTCTCCTTTTTTCTCCATTTATAATGCCGCTCGATCGATTCCATAATGTAAATGGATAGAACGAACAGGACCTGGAAGGATGCCGCCA
2,83.9881851533333,17.2888500488058,3,14.5913516233333,0.881386216987262,3,TACGGGCAAGGGGGCGAAACGAACGTTTTGAAAAAATTTGTCGAAATGGAAAGGAAAATCGGCTTGCTGCCGAGAATAAATACGAACCTTACGGGGTTGTTCGT
3,84.70666414,34.2591550449122,3,11.3780127833333,0.241486045273554,3,AACCATCCCCCGCTGACATACATATGGTACAAACAACGGATGAGAAAAGGCGGTTGGCCTTGCCGGCTTTCTATACTAAATGGAAACCTATGCGGGGGATGAAC
4,88.8145872466667,7.98293803717589,3,14.3844753633333,1.349226284166,3,TTCGGTAAGATGGGAGAGAATCGGCGGCTTCAGCTCTGCTATTTTTGTGCGCTGTAGGATACATTAATAAGTACTGAAGCGACGCACCTACAGGAGGGGAAGGC
5,95.8133998,11.6798781484745,3,12.3860208966667,2.71737037746392,3,CATCAAGAAATAACTGAAATCCGTGAGAGATGCCTATACTTCGCTTCGCCTCCTTGCATAGTCTAACAGTGCAACTAGGCGAAAGACCTGAAGGGGGGAAGGGC
6,96.1504851666667,16.7946497247779,3,9.17070966866667,0.277762658369504,3,ATGCCCTGGGCGCCGGTCGGCGCTTTTTTTGTTTATTCCCGCCAGTTCGCGGAGATACTATCATACTACATACCATCTAAAGGCAACCTGGAGGATATCGGGGC
7,98.2798359433333,8.14348953869598,3,11.7507568433333,0.795522274433583,3,CCGTTTCAGCTGATTTTTTTGCATGAACGCAAGGAGAGAAAAGTTAGATAGTCGAAAGAATCGCTTTGCTTCGCTATAATGAAGGACCTTGGGAATGAATCAAC
8,98.5852270833333,2.38120332606787,3,8.763101044,1.50135845686369,3,GTCAGACTTCTGACGAGTGCAATGCTCAGGAGTTTCTATCAGTATTTCGGGAATGATAAAACAGAAAGATCACGTTATGAAGACAACCTGGAGGAATTATGATT
9,99.7574095625,11.5250908651997,4,12.529438805,0.46049035567303,6,CGATCGTTGTCAAAACATTGTCGATACGAATAACCGCGCCTGTGCGCAATGAGGGCGCATGGCGGCCCATTTACACTACACGACAACCTAAGGAGAGGGTAATC
10,100.322700636667,22.1999126448664,3,9.870714139,1.07655621809489,3,AAAAACATGTTTGTCTGCGTTAGGAACGTAAAATATAACGGCATCAGATGTGCCGTTTGTTTTTATAAACATGCTTTCGAGTTTAACCTTTCGGAAAGCGGTGA
11,100.937148753333,11.3750825972063,3,9.262260244,1.39505568387205,3,CCGCAACGGCTTGCTCCCTTGCTGGAGCAAGCCGTTGTTTTCATTTTTTGGCGCCTGCCGCATATGTTGAAGGTAGAAGAAAGGGACCTAAGGGGAGATGGCGC
12,101.11911527,4.64833642692856,3,9.721573736,1.92326175814248,3,GTTAGGTTGCGCTCGGTTGTCACTTGATTGAGTTTTTATGAGGCGGTTGAACGAGTGGGATGAGCGCAGATAAAAGAAGACAAACACCTGGTAGGATGAGGACA
13,101.80678011,9.07707516903574,3,8.99673269566667,1.24842674129924,3,TTCCTCCCTTGTTATTGTGTCATTGTTAGTTTGTACGGTTTCGGCGGATTCATTGGTGGAAAATTTTCGCATTGGATGTTAAAGGACCTGAAGGGGAAACGGTG
14,105.799748866667,1.80597673021281,3,10.6522411433333,0.455809273005213,3,TCTGAAAGATAAGAGGCGCGAAGACGATGCATCTTCAAGCCTCTTTCCGTATGCGAAAGAGGCTTTTTCATTTGCCAAAACCTAAACCTAGGGGGAACGTGAAA
15,106.068131843333,10.6979162176005,3,17.1710926,1.60470127786532,3,AAAGAAGGGAAATAAAAAAACCACGTTTTTAAAAATTGGTTATGAAATGAAACATGCCCTACTATAATGGTGGTGAAAACAAAAGACCTAAATGAGGGGCACGC
16,106.66557562,8.04575014353888,3,25.6239513,5.49404172942087,3,AACCGTGGACGTTGAAAATCGCAACATTCCTATTTTATCATAGTTGGCAACGGAACGAAAAACATTGTCTGCTTGTAGACAACGAACCTAAGGATGGAATCCAT
17,106.988732956667,16.9638635083034,3,13.00046958,0.642259517904311,3,TCATATTTCCGGTGAAATCGGGCAAGCTATCCATCGACACGTTTTCCATGTTTCATCAACAAGCCAGCTGGGTACAAGAACCATAACCTAGGAGGAGTGAGAGG
18,107.3460132,3.5898159476964,3,9.76251235766667,0.669520070740488,3,CCCCCCTCGCTTAAAGCCAAATGAAAGCTTCCAATTGCATCTATAAATTATAGACAAAGGAGTTTTGCTGCTATATTATAGACAAACCTAGGGGTTTTGTTGCG
19,108.239697646667,23.484984011737,3,12.03998681,0.942445716392351,3,GCAGAAAACAGCATAATTTTCATCAACTTCCGTTATAGAGGATTCTCGATTGACACATACTAACATTGCCAGACAACTAACTATGACCTTTAGGAGGAAATACA
20,108.8281565,2.00710860199374,3,9.52422520766667,0.52605123494471,3,ATCAGAAATTCACTTTCAAAATGGATTGTCCAATTGTCACCATTTTTTCCTTATATCAATAGCCTAATATTGTTGAGAAAAAGACACCTAGTTGAGGTGACAAT
21,109.522427433333,0.851304707793669,3,16.28927578,2.31146969755653,3,CTTCTGGGGAGTTGCAAGCCCCCACTTCAAGCGTTCGCGAAGTGGGGGTAGTTGACCAACAAGCCAGCTGGGTACAAGAACCATAACCTAGGAGGAGTGAGAGG
22,109.629113033333,7.98300824869439,3,12.2908167766667,1.14664379802281,3,AAGCACCCAAAGAAGTTTCATCGCCAACTGGACGGCGCGCATAGGACAATGGCCGTTTCGAATAGGCTATAGTAACAGGGCCATCACCTGAAAGGGGAATCGGG
23,110.479618,5.47133023260754,3,23.59343288,3.4155689953516,3,ATAATAGGAAAATCGCGCAGGATATCCGGACGAAATCGAAGCATATTCGAGGATGTCTGGCATATGCTCGAACAAACAGAGGAAGACCTAAAGGGGAGAGAGGC
24,112.44473741,15.2948251671926,3,16.4965891133333,4.47222276102801,3,TAAACATTCCGGAAAACTGACATATCCTTAACTTTATGACACGAATACTTACCTTTTTCACGGCATGCAGTGAAACAAATTCATAACCTAGGAGGTAACGGGGT
25,114.887526466667,11.9362809803717,3,8.04261787466667,0.40429893987677,3,GCAATGGGCCTTGCCGACAGGCGGGCCCGTTGTTTTTGAAAAGCGGTGCTAGAACCCCCTTTTGTCTCATACATATGAGATGAAAACCTGGGGGTTCTTTTTAA
26,116.605345233333,9.04613391836565,3,10.8451230866667,0.567964054530952,3,AATAAAAGTACAAGATGTTATCTTGTATTTAAATAGAATGTTTTGGGGGTAAAAATCCCTTCAACTTTTATTCTTTATTTAGGAAACCTGGGAGAGTCTGCGCT
27,117.4742373,5.8047586161562,3,11.0677653533333,0.83720851596781,3,CCCCTTTTTTGGCAAAGTTCAGTCTATATGTATGATGGAGCCATGTCGTTCATGCCTGTTTGCCATGACGAATAATGAGGATCGGACCTGCTAAGGAGGAAACC
28,118.109257866667,9.78341527170469,3,14.4788654566667,2.6263246131793,3,CTATATCGCCCCCTGCCGTTTTTCACCAGGCGTCTGAAGTCGCCGCGGTCAAATAATCCCCATCAAACGGGAAACGATAAAAAAGACCTAAGGAGGGGTTGTCT
29,121.192755266667,13.3375294513344,3,13.7187014566667,1.05787086017591,3,ACTTCAACCATCATGGAGGCGGAAAACCATTTCTTGTTTTCTCGCATACTTTATGAAAGGGATATGTTTCTATTCTCAGCCAAGAACCTAAGGAGGCAAAAACA
30,126.930211533333,40.0393821310348,3,11.7027612366667,1.77156535698293,3,GAAGCATACTCAGTACAAGCCTGACATATGATGGAGATAAGGGCATGGCACGGCATGATGCGGTGCTTTTCCTTTATGTATAGGGACCTTGAGGAGGAAACAAC
31,130.442399383333,45.1621832640349,3,75.4385234033333,8.96694363872548,3,GGCAAACTGCTTGTCTATTATATCACAACCGATAGAAAATCGGCATGTTTTCCGGTACACTAGAAAAAGACGCCCACTTTGCCAGACCTAAAGGAGTCAACCCA
32,139.459344433333,27.9214009260053,3,83.9227241066667,14.5184110852045,3,ATTTATCCAAATGCAAAAAAAATGGCAGGAAAATAACTGAAGGATGCGAAACTTATAACATGGAACAAAATAAATGAAAGAATTGACCTAGGTGTGTCTATAAG
33,140.898036433333,28.5039274264067,3,33.40239976,32.762069246377,3,CACCGTCGGTCTGCTAGTTCGTTCCAAAAAAATGATTGATTTTCCGCCGCTTTTGCCCCTACAATGATACAAGAACACTGCACGGACCTAAAGGAACAGCACGA
34,143.8652603,17.0041440082755,3,44.62257281,6.13312062138336,3,AAAAGAGGAATTCCTTTCTTTAAAACGTCGATTTTGTTGATTTCTTCTTCGCGATGGGACCCCGTTTTATGGTATAGTGGTCTATACCTGTAGGAGGGACTGTG
35,144.606843966667,36.6086549102637,3,35.5806117533333,7.70923583647802,3,CTTTCTTTGCCGAAATGGTTCTAGTTTTGTCGTGCCGGAAGGGAGTCAAGGTTTTACCGCGAATTGATTATCATCATTGTGAAAGACCTATGGGGGAGATGACA
36,160.556347066667,13.0400801780127,3,93.6016263366667,20.6163401121842,3,CTTTCGAAACGATGATCAACGTTGCGGAAAGGCGGAAGTTCCATTTTTGGACAAACATGGATATCATGAATGTAGAAATAGAAGAACCTAGGGAGATGGGAGTC
37,179.382265266667,65.8266612979048,3,76.613597565,42.0842355287664,4,GAGGGAGGCATGCGCCCCTTGTCCTTTTTGCGCCATTTGCTAATGGCGATTATGTTATAATGAATAGAGTTGGAATGATCTATGCACCTAAGGGGTTGCTCGCG
38,215.1242674,45.0913832460739,3,12.08066838,0.756475071269803,3,ATAACTCATCTTATAAATACTTCATCAAGTCAATTTCCTCCTTCCTTTCCAATGTAAATATATGTATAATTTTCTTGTATCAAAAACCTAGGGGGGGAATTTGT
39,292.713538783333,84.2199459004882,6,90.6284145575,11.3672782701144,4,TACATAAATCGTTGCTATTTTCACCTTTTTTGTTTTTCCAGACAAGTGTGCGCGCTATGGTAAAATAAAGAGGAGTCATCGGGAAACCTCAGGAGGATGAAGCG
40,356.391728233333,218.305882010384,3,23.72391667,2.70971782761348,3,TTCCTCCTTATTATTGCCATGATTCGCCATGACAAACAGGCATGAACGGTACTGCTCTATCATAATATAGACTGAACTTTGCCAAACCTAAAAGGAGGGGTTTC
41,371.825266933333,75.6743321110496,3,92.94663297,20.2367681584959,3,CAAAACAACCGCTTTTCTTCATTTCCAGTCTACCGTTTTAACCGGCGCATGATAAAATAGAAACATGCACAAACTTGTTGAGTAAACCTAGGGTGTTTGATTCG
42,432.512825033333,71.3737077237398,3,9.58546388533333,1.0958913838752,3,TTTACATAACATTTTTATGGTGAATTCTGTTTGTTTTGCATCCCACCGAACGATTTAGTAGAATGGGAGAAGGACACGACAACAGACCTAGAGGAAGACGTAGG
43,439.97663808,109.545398020892,5,82.0791349566667,20.4477711028997,3,CGCCTGTTCTGTCGAGCGGTTTTCCTGGCCGACAGACAGGAAATGGCCTATTGTGCGCGAACCATATAGTAGAATGAGAGGGAACACCTTAGGAGGGAGCGCGC
44,674.394173533333,36.219612478639,3,43.07767783,8.07986039915811,3,ACGGCTCTTCACCAAACGTTATGTTGCATCTATATATGCTTGATTTTCTATGTTTTGTGATATAATAGACGAGCAGCTTGTCTAAACCTCAGGAGTGACCAACA
45,868.609944433334,59.2593598035369,3,86.09310785,74.1277358428475,3,AGGATTGGCAAATTGCAAGAATGAAAGCCGCCCGCTTGCAATTTTCCTGCGAAAGCGGTAGAATACACAAAGCAAACGCTGTGGAACCTAAGGGATGACAAGTG
46,2071.07720266667,1089.00398196694,3,13.6881679125,3.35684850027597,4,TTTTTTTGAGTGTTTTTGATTGAAAATGATTGATTTTTAAATCGTTTTCATTTATGATAAGGGTACAAAGTAATCATTTCCATCCACCTAAGGAGGTGGGATCG
47,2279.04744466667,572.009532404272,3,19.68743685,8.45686672906609,3,AAAAACGCTTTTTCCAGAACAGACTGGCGGTACGCTTGTCATTTTTCTTGCCAGCCCATATAATGAGGGAAGATGCGAACGGGAAACCTAGAGGAGTGGGACGA
48,11115.08041,617.685914199236,3,61.6630167366667,71.1223184921137,3,TGTTCCTTTCGTCGTGTTGAGACAGGCCCGCCAGTTGCCGCCAACGGCGATCTATGGTATAGTGAAATTATTGCAACGTCGGTCGACCTTTGGAGGTGTCAGGC
49,113.015524845,14.3498854867471,6,154.26538457,108.054183267926,3,CCAGCTGCCACCCTGCCAGTTCGTTCAAAAAATGATTGATTTCCCGCCGTTTTTGCCCCTACAATGATACAGGAAAACAGCATGGACCTAAAGGAACAGCGAGA
50,218.3745333,29.5541249532533,3,301.6164948,144.103198748271,3,TCATGGGGAAAAATGGAACGAACCGTGTATTTCGGTTGACATTCCAATTGTTTTTCAGTACGGTAAACAGTGAATACATTTTCGGACCTCAAGGAGAAGATAAC
51,222.9033171,95.6490021662994,3,179.523420966667,30.8021495119857,3,ATGTCAGTCCACTCACTGCCAATAGTGACAAAAATCATTCCTCGCTTTGGACGATTTCATTATAATAACCATATCAATGATTCATACCTTTAGGAGGGAAACCA
52,314.299704666667,34.9483788621502,3,164.0156761,43.3107582799993,3,CTAGAAACGAGTGAAAAGGAAAAGTAAAATGATTGGTGGAAAGAGATGAAGCATCAGAAATGAGAGTCGCTATGGTTGCGACAGTACCTAAGGAGGGAAACGGA
53,344.877208566667,22.1432827576758,3,126.451276733333,9.66135270611623,3,TTTTCCCACTCCTATGATACAATCATTGTGAGTAGTGTCACAGCGTTTGTCTGCTTGTTTCCGTATAGTAGATGGGGATGTGGCAACCTAAGAGAGGTTGATTC
54,438.667691133333,65.0316426204753,3,103.745940465,29.5646669244872,4,TGTAGTGGATCACCCAGCCGTTTGTCTTCCTGCATGCTGCAAGTCATGTTGGGGGTTTTTTGGTATAATGGGATGGACAATAGACACCTACCATGGGGGACATA
55,510.412328333333,74.7517470625949,3,105.223965553333,37.3888998608904,3,ATATAATAACAAACTGTATGCCCGCTATATAGCGATTTGCAGCAAGATTTGCTATGATGGAGGCAGATTGAGTCATGCAGATGGAACCTAAGAAGGTGCTGCAT
56,734.099427966667,339.411393475812,3,233.0465365,78.160034955829,3,GCCTTGTGCCAAATCATCGCGCTTCCGCGCCATCATTGCCTGGGCGGACAAGTTCCTCTATAATGAAGACGCCGACTATTTTTGCACCTGGACGGAGGGACGAT
57,735.030939466667,114.501756318008,3,164.922070196667,69.6976469989276,3,GCCAGTCGTCAATTTTCCCTGCTTTCGACCATCGTTGCCTGCGCAGGCAAGTTCCTCTATAATTAAGGACGCCGACTATTTTTGTACCTGGACGGAGGGACGAT
58,835.969669066667,453.431571498158,3,158.537881633333,45.2098563445123,3,ATTATGGCCAGGAAGGAAAATGAATGATCATTCACGAATCTATTTAAGCGGTGAAGATAAAGAAAAGACGATTGCATAATGGAAAACCTAGGAGGAGAACGACT
59,1244.58604203333,359.839738900204,3,182.375783333333,20.9461476581074,3,CATTTATACAGGACGACGAAAAGAACTTTTTTGGTAACGATAGACGTTCTTTGGTAAAATGGGGACAAACGTGATTCAAGATACGACCTGAAAGGAAGCGAACG
60,1265.276975,194.145833890215,3,864.579384066667,94.172923801899,3,ACGGGCGACTTTTTTTGTGCACCTTGTCTATTCACGAATATTCACATTCATCTATATAATATGAGTGTGAGAAAACGATTTCAATACCTAAAGGGGGATTCGTG
61,1332.5060345,585.943845576436,3,288.335908833333,11.2806436101307,3,AAACGTGCAGCGGGCTGCCTTTCTTCATGAATATAGAGAAATGAAAATTCAAAAATTTCCGTTTATAATATTAGGAAAGCGGAAAACCTAGAGGAGGAAACGTG
62,1950.39520933333,389.317460520369,3,155.492276733333,43.5440040109821,3,AGCGTAAGCGAAACGCTCCTTTTTTTGCGCCCTCGGCGGTACAACAGCGGCGAAAATCATGGTATGATGGAAGAAAAAGAATGACACCTTAGGGAGACGTGGCA
63,1982.95356766667,287.815061834205,3,153.1210745,23.6821614029575,3,CCTCCCCTCTTTTTTCAGTTCTATGATACAATAAACATGTTGCATGAAACTTTTCTTCATCAAGCGCCGTAATATAAGATGAGCCACCTGTAAGGGCGGGGGTA
64,2083.20280533333,77.4550857622651,3,543.273064933333,36.1979687807055,3,TTCCAAAAGTTGTGTATATTCGATATTATATTAATAGTATAAACTAGATATTGTCTACTGCTAAAAGTCCCATTGATCACCATAAACCTAAGGAGTTTGATGTA
65,2243.2163825,1638.48450915454,3,459.148944166667,98.6511173661119,3,GTCTTTTCCTTTCGTTTCGCCAGCGAGAAGCAGCCGGCAAGAGTTGGGTAATTTTTGCTATACTATAGCTAACAACACAATGACAACCTAAAGGAGATGAGGGA
66,2422.95894066667,722.161058972405,3,274.733036933333,47.6457630992248,3,ATTGATGGACTCTTTTCCATTGTACTACATGTTTGGCCATTTTTTCGCTTCCGTTGTACAATGAACATATCATCATCGATCGCGAACCTAAGGGGGCGCAAAAG
67,2571.00206533333,217.283427144616,3,452.361691533333,93.7780349592024,3,ATACATGGCTCGTCCTCCTTTTTTCTTCCCCGCCTTCCTCCCTTTTTCGCCGTTCGTCTGCTATGATGGACATAGGCGAAAAATAACCTGAGGGGGGAATGGAG
68,2846.22768433333,842.379067313326,3,102.78487873,45.7902996022842,3,TTTTTACATAATCTTTTTTGGCCATCCTCCCCTCTGACATCTCTCCGCTTTCCATTTTTCTTTCATTCATGGTATGATGAATAATACCTGGAGGTGCCAGATTT
69,2928.94993733333,537.075988803963,3,124.898624866667,16.4300870409251,3,AGATATTTACAGCATTTTGCTCGATGAATTTGTGCTTGTCACAATGATCTCTGTTTTGCTAAAGTAAAAAAGAATACAGGTGTAAACCTAGGAGGATATCGCCC
70,3451.390364,660.110352355733,3,175.175723966667,28.512178668614,3,CATCGTTTTTTCTTAGGCATATCTAGTAGTCGTATCTTTTCATTATATCAGCATTCATGTTATGATAAACAATAGGATTTTGAAGACCTAATGGGGGAAATCAT
71,3582.82558066667,144.076168574635,3,193.06670442,87.7877086495328,5,AACAATTCGTTGAAAAGCAAACCGTTTTCGTACTATTATAAATGAGGGGATGATTTCCTGTTTGGCGCTTTTACATACTGTGTTGACCTTTAGGAGGAAGAAAG
72,3662.86293766667,540.092843935274,3,354.3783135,151.33168238769,3,GTCACATTTGGTCGCATTGTCACAAATTCGTCAAAGAAGCGAACAAATATTCTTTGTTATGGTATAATGGGGAAAACAAGGAAGTACCTTTGAGGGGATGTTCG
73,3808.736117,604.985064143323,3,142.7028334,9.37985033853117,3,CGCCTTTTTGACGCCTGCCGGCTTTCGGGCCGGCCCACACCGGTTCCCGATTGGCGCCGTCTATGGTATACTAGTAGAAAAAAGGACCTAAAAGGTGTTCATGA
74,3983.82239866667,1766.23009146998,3,389.5371142,112.248264617331,3,ACAATTCAGTCTACTTCCACTTTGATACGCTGATAGCCGCTTTTTTGGGCAAACTGTGATATAGTGATACTGTACAATTTGTTGAACCTTAAGGAGTGACGATG
75,4768.28967833333,679.757187436911,3,355.447433166667,41.5076826879757,3,ATCATTGAACGGCGGAAGAAGTTATGGTACAGTGGGAGCAGGTTATCATCTAAAGAATACTATGTTTATAGGAATTATAAACTTTACCTATGGAGTGAGGCCAT
76,4778.74862,996.552096516876,3,169.7879389,46.8840524240461,3,ACCGTTAGGCGCCGAATGGGGCGAGCCGTCCGTTTTGAACTTTGCCGCGATAAACGGTACAATAAGGGTACAAGTTTGGATGAAAACCTGTGGAGGGTTGGACG
77,5331.789738,740.193650049723,3,223.337397033333,5.98471883935269,3,TGCGCGCCGTCTAGTTGGTGATGAAACTTCTTTGGGCGCTTGTACGTATCATGGCGTGGACATGTTATAATGGAAGAAAAGATGAACCTAGAAAGGGATGGACA
78,6405.40151766667,2090.84565369367,3,557.406119266667,131.921371042553,3,GATTTCCACCTCTAAATTTCATTTCCCTCCATTTTATCTTTTTCCACAAGACCGGCCACAAATAGAATGCGATATGATATAGTGAACCTAAAGAGGAGGGATTC
79,8585.09488733333,1457.11967432687,3,135.903572666667,18.2211246030786,3,TGTTCGGCAAGTTCACGAAAAATTCGAGCCCTTCGTTAACATCTTTTTGCCTAAATATGTTACAATAACAAGTGAACTTGCGCTTACCTTCATGGAGGATGATC
80,10571.1482403333,2361.93893030781,3,379.110671566667,28.7487030562132,3,CAATTTATTAAAGATGTATTTGAAATGTTGCTTTTTCACTATGCGTATGATTGAATAAAACATGTATTTAAAATACATGTTTTATACCTGAGAGGAGATGAAAC
>ldhA,1414.25572818182,794.312208729566,11,141.424980875455,48.7794960276724,11,TGACAAACAACGTCCAAACAATTGCCATAATCGTTTACGCATAGTTTCGATTTCATCGCGTAAAATAATTTGTGAATGTATTCACACCTATAAGAAGGGAGAAT
