Strain ID Ecol;Strain ID Ptai;Sequence;Ecol Promoter Activity;Ptai Promoter Activity
SN_rep3 20180122;SynPro35_1;TTTATTTGACATGCGTGATGTTTAGAATTATAATTTGGGG;0.043;0.014
SN_rep3 20180123;SynPro35_2;TTTATTTGACATGCGTGATGTTTAGAATTATAATTTGGGG;0.033;0.015
SN_rep3 20180124;SynPro35_3;TTTATTTGACATGCGTGATGTTTAGAATTATAATTTGGGG;0.036;0.018
DN20171114_Repeat_TOP10_BioLect;SynPro42_1;GCCCATTGACAAGGCTCTCGCGGCCAGGTATAATTGCACG;0.027;0.028
DN20171114_Repeat_TOP10_BioLect;SynPro42_2;GCCCATTGACAAGGCTCTCGCGGCCAGGTATAATTGCACG;0.057;0.034
DN20171114_Repeat_TOP10_BioLect;SynPro42_3;GCCCATTGACAAGGCTCTCGCGGCCAGGTATAATTGCACG;0.088;0.027
DN20171011_TOP10_SPA1;SPA75_1;GCCCATTGACAACACTATTTTTTGATACTATAATTGCACG;0.049;0.032
DN20171011_TOP10_SPA1;SPA75_2;GCCCATTGACAACACTATTTTTTGATACTATAATTGCACG;0.049;0.029
DN20171011_TOP10_SPA1;SPA75_3;GCCCATTGACAACACTATTTTTTGATACTATAATTGCACG;0.049;0.029
DN20171114_Repeat_TOP10_BioLect;SPA76_1;GCCCATTGACACGTGTACTGTGTACGGTTATAATTGCACG;0.017;0.016
DN20171114_Repeat_TOP10_BioLect;SPA76_2;GCCCATTGACACGTGTACTGTGTACGGTTATAATTGCACG;0.02;0.018
DN20171114_Repeat_TOP10_BioLect;SPA76_3;GCCCATTGACACGTGTACTGTGTACGGTTATAATTGCACG;0.019;0.017
DN20171011_TOP10_SPA1;SPA79_1;GCCCATTGACATGGTAATGAAGCCGGTGTATAATTGCACG;0.029;0.019
DN20171011_TOP10_SPA1;SPA79_2;GCCCATTGACATGGTAATGAAGCCGGTGTATAATTGCACG;0.042;0.017
DN20171011_TOP10_SPA1;SPA79_3;GCCCATTGACATGGTAATGAAGCCGGTGTATAATTGCACG;0.039;0.031
DN20171114_Repeat_TOP10_BioLect;SPA80_1;GCCCATTGACAAGGGAGTTCGGAGGTGTTATAATTGCACG;0.003;0.027
DN20171114_Repeat_TOP10_BioLect;SPA80_2;GCCCATTGACAAGGGAGTTCGGAGGTGTTATAATTGCACG;0.003;0.021
DN20171114_Repeat_TOP10_BioLect;SPA80_3;GCCCATTGACAAGGGAGTTCGGAGGTGTTATAATTGCACG;0.003;0.027
SN_rep2 20180117;SPA81_1;GCCCATTGACAACGCGTCCACGTGGGGGTATAATTGCACG;0.048;0.041
SN_rep2 20180117;SPA81_2;GCCCATTGACAACGCGTCCACGTGGGGGTATAATTGCACG;0.041;0.038
SN_rep2 20180117;SPA81_3;GCCCATTGACAACGCGTCCACGTGGGGGTATAATTGCACG;0.04;0.042
DN20171011_TOP10_SPA1;SPA82_1;GCCCATTGACATTGCGGTCTGTGGGTGGTATAATTGCACG;0.045;0.039
DN20171011_TOP10_SPA1;SPA82_2;GCCCATTGACATTGCGGTCTGTGGGTGGTATAATTGCACG;0.045;0.038
DN20171011_TOP10_SPA1;SPA82_3;GCCCATTGACATTGCGGTCTGTGGGTGGTATAATTGCACG;0.045;0.037
DN20171011_TOP10_SPA1;SPA83_1;GCCCATTGACATTGCGGTATTGCTAGTTTATAATTGCACG;0.045;0.027
DN20171011_TOP10_SPA1;SPA83_2;GCCCATTGACATTGCGGTATTGCTAGTTTATAATTGCACG;0.044;0.026
DN20171011_TOP10_SPA1;SPA83_3;GCCCATTGACATTGCGGTATTGCTAGTTTATAATTGCACG;0.044;0.026
DN20171011_TOP10_SPA1;SPA84_1;GCCCATTGACATAGCTACGGGTTTGGTTTATAATTGCACG;0.043;0.026
DN20171011_TOP10_SPA1;SPA84_2;GCCCATTGACATAGCTACGGGTTTGGTTTATAATTGCACG;0.044;0.03
DN20171011_TOP10_SPA1;SPA84_3;GCCCATTGACATAGCTACGGGTTTGGTTTATAATTGCACG;0.048;0.025
DN20171011_TOP10_SPA1;SPA85_1;GCCCATTGACATATCTTCATTGGTGCATTATAATTGCACG;0.069;0.022
DN20171011_TOP10_SPA1;SPA85_2;GCCCATTGACATATCTTCATTGGTGCATTATAATTGCACG;0.069;0.026
DN20171011_TOP10_SPA1;SPA85_3;GCCCATTGACATATCTTCATTGGTGCATTATAATTGCACG;0.072;0.023
DN20171011_TOP10_SPA1;SPA86_1;GCCCATTGACAAGGGACGTTCTGCGAGGTATAATTGCACG;0.038;0.027
DN20171011_TOP10_SPA1;SPA86_2;GCCCATTGACAAGGGACGTTCTGCGAGGTATAATTGCACG;0.055;0.028
DN20171011_TOP10_SPA1;SPA86_3;GCCCATTGACAAGGGACGTTCTGCGAGGTATAATTGCACG;0.042;0.027
DN20171011_TOP10_SPA1;SPA88_1;GCCCATTGACACCCCTCTTGACTTATTATATAATTGCACG;0.049;0.016
DN20171011_TOP10_SPA1;SPA88_2;GCCCATTGACACCCCTCTTGACTTATTATATAATTGCACG;0.048;0.016
DN20171011_TOP10_SPA1;SPA88_3;GCCCATTGACACCCCTCTTGACTTATTATATAATTGCACG;0.05;0.017
DN20171011_TOP10_SPA1;SPA89_1;GCCCATTGACATTACTACTCAGCTCATGTATAATTGCACG;0.049;0.017
DN20171011_TOP10_SPA1;SPA89_2;GCCCATTGACATTACTACTCAGCTCATGTATAATTGCACG;0.015;0.024
DN20171011_TOP10_SPA1;SPA89_3;GCCCATTGACATTACTACTCAGCTCATGTATAATTGCACG;0.048;0.027
DN20171011_TOP10_SPA1;SPA90_1;GCCCATTGACATTGCCACATTGACCTGGTATAATTGCACG;0.046;0.02
DN20171011_TOP10_SPA1;SPA90_2;GCCCATTGACATTGCCACATTGACCTGGTATAATTGCACG;0.05;0.022
DN20171011_TOP10_SPA1;SPA90_3;GCCCATTGACATTGCCACATTGACCTGGTATAATTGCACG;0.049;0.021
DN20171011_TOP10_SPA1;SPA91_1;GCCCATTGACAATTAGTATGGGGCAAGGTATAATTGCACG;0.063;0.019
DN20171011_TOP10_SPA1;SPA91_2;GCCCATTGACAATTAGTATGGGGCAAGGTATAATTGCACG;0.057;0.016
DN20171011_TOP10_SPA1;SPA91_3;GCCCATTGACAATTAGTATGGGGCAAGGTATAATTGCACG;0.065;0.021
SN_rep2 20180117;SPA92_1;GCCCATTGACAGCCAATACGGTTTCTGCTATAATTGCACG;0.021;0.017
SN_rep2 20180117;SPA92_2;GCCCATTGACAGCCAATACGGTTTCTGCTATAATTGCACG;0.014;0.02
SN_rep2 20180117;SPA92_3;GCCCATTGACAGCCAATACGGTTTCTGCTATAATTGCACG;0.018;0.018
DN20171011_TOP10_SPA1;SPA94_1;GCCCATTGACAACTGTGTTTGTTTATTATATAATTGCACG;0.038;0.02
DN20171011_TOP10_SPA1;SPA94_2;GCCCATTGACAACTGTGTTTGTTTATTATATAATTGCACG;0.039;0.022
DN20171011_TOP10_SPA1;SPA94_3;GCCCATTGACAACTGTGTTTGTTTATTATATAATTGCACG;0.041;0.022
DN20171011_TOP10_SPA1;SPA95_1;GCCCATTGACACTTTTCAAAGTACCAGTTATAATTGCACG;0.081;0.024
DN20171011_TOP10_SPA1;SPA95_2;GCCCATTGACACTTTTCAAAGTACCAGTTATAATTGCACG;0.044;0.022
DN20171011_TOP10_SPA1;SPA95_3;GCCCATTGACACTTTTCAAAGTACCAGTTATAATTGCACG;0.038;0.022
DN20171011_TOP10_SPA1;SPA96_1;GCCCATTGACAAGTACCCTGGATCCGTGTATAATTGCACG;0.035;0.038
DN20171011_TOP10_SPA1;SPA96_2;GCCCATTGACAAGTACCCTGGATCCGTGTATAATTGCACG;0.036;0.038
DN20171011_TOP10_SPA1;SPA96_3;GCCCATTGACAAGTACCCTGGATCCGTGTATAATTGCACG;0.035;0.033
DN20171011_TOP10_SPA1;SPA99_1;GCCCATTGACATTGCAGTTTTGCTCATGTATAATTGCACG;0.038;0.026
DN20171011_TOP10_SPA1;SPA99_2;GCCCATTGACATTGCAGTTTTGCTCATGTATAATTGCACG;0.04;0.027
DN20171011_TOP10_SPA1;SPA99_3;GCCCATTGACATTGCAGTTTTGCTCATGTATAATTGCACG;0.042;0.027
DN20171011_TOP10_SPA1;SPA108_1;GCCCATTGACACTCACCAGCCTACTCGGTATAATTGCACG;0.037;0.015
DN20171011_TOP10_SPA1;SPA108_2;GCCCATTGACACTCACCAGCCTACTCGGTATAATTGCACG;0.04;0.018
DN20171011_TOP10_SPA1;SPA108_3;GCCCATTGACACTCACCAGCCTACTCGGTATAATTGCACG;0.036;0.019
DN20171011_TOP10_SPA1;SPA112_1;GCCCATTGACACTGTACTGAGACATTGCTATAATTGCACG;0.054;0.03
DN20171011_TOP10_SPA1;SPA112_2;GCCCATTGACACTGTACTGAGACATTGCTATAATTGCACG;0.061;0.029
DN20171011_TOP10_SPA1;SPA112_3;GCCCATTGACACTGTACTGAGACATTGCTATAATTGCACG;0.047;0.033
DN20171011_TOP10_SPA1;SPA113_1;GCCCATTGACAATCCACAAGGACATCTGTATAATTGCACG;0.055;0.032
DN20171011_TOP10_SPA1;SPA113_2;GCCCATTGACAATCCACAAGGACATCTGTATAATTGCACG;0.041;0.036
DN20171011_TOP10_SPA1;SPA113_3;GCCCATTGACAATCCACAAGGACATCTGTATAATTGCACG;0.042;0.037
DN20171011_TOP10_SPA1;SPA114_1;GCCCATTGACAACATTGTGACAATTTGGTATAATTGCACG;0.035;0.015
DN20171011_TOP10_SPA1;SPA114_2;GCCCATTGACAACATTGTGACAATTTGGTATAATTGCACG;0.03;0.016
DN20171011_TOP10_SPA1;SPA114_3;GCCCATTGACAACATTGTGACAATTTGGTATAATTGCACG;0.039;0.016
SN_rep3 20180122;SPA115_1;GCCCATTGACATCACGCCTGGCAAACGATATAATTGCACG;0.041;0.027
SN_rep3 20180122;SPA115_2;GCCCATTGACATCACGCCTGGCAAACGATATAATTGCACG;0.039;0.025
SN_rep3 20180122;SPA115_3;GCCCATTGACATCACGCCTGGCAAACGATATAATTGCACG;0.045;0.03
SN_rep3 20180122;SPA116_1;GCCCATTGACAAGATGGTTTTGCCAAAGTATAATTGCACG;0.05;0.029
SN_rep3 20180122;SPA116_2;GCCCATTGACAAGATGGTTTTGCCAAAGTATAATTGCACG;0.051;0.028
SN_rep3 20180122;SPA116_3;GCCCATTGACAAGATGGTTTTGCCAAAGTATAATTGCACG;0.053;0.028
DN20171011_TOP10_SPA1;SPA117_1;GCCCATTGACATTGGTGAGACATTGGGGTATAATTGCACG;0.032;0.026
DN20171011_TOP10_SPA1;SPA117_2;GCCCATTGACATTGGTGAGACATTGGGGTATAATTGCACG;0.044;0.03
DN20171011_TOP10_SPA1;SPA117_3;GCCCATTGACATTGGTGAGACATTGGGGTATAATTGCACG;0.032;0.028
SN_rep3 20180122;SPA134_1;GCCCATTGACACTACAGTGTGGGTCTGGTATAATTGCACG;0.027;0.027
SN_rep3 20180122;SPA134_2;GCCCATTGACACTACAGTGTGGGTCTGGTATAATTGCACG;0.047;0.028
SN_rep3 20180122;SPA134_3;GCCCATTGACACTACAGTGTGGGTCTGGTATAATTGCACG;0.023;0.029
DN20171017_TOP10_SPA2;SPA135_1;GCCCATTGACACCGCCAATTTTTCGGGGTATAATTGCACG;0.038;0.025
DN20171017_TOP10_SPA2;SPA135_2;GCCCATTGACACCGCCAATTTTTCGGGGTATAATTGCACG;0.032;0.026
DN20171017_TOP10_SPA2;SPA135_3;GCCCATTGACACCGCCAATTTTTCGGGGTATAATTGCACG;0.035;0.026
SN_rep3 20180122;SPA136_1;GCCCATTGACATATGAAATATTATCTTGTATAATTGCACG;0.045;0.019
SN_rep3 20180122;SPA136_2;GCCCATTGACATATGAAATATTATCTTGTATAATTGCACG;0.038;0.014
SN_rep3 20180122;SPA136_3;GCCCATTGACATATGAAATATTATCTTGTATAATTGCACG;0.047;0.018
SN_rep2 20180117;SPA137_1;GCCCATTGACAGTAGGGCGGAAAGTAGATATAATTGCACG;0.077;0.028
SN_rep2 20180117;SPA137_2;GCCCATTGACAGTAGGGCGGAAAGTAGATATAATTGCACG;0.073;0.029
SN_rep2 20180117;SPA137_3;GCCCATTGACAGTAGGGCGGAAAGTAGATATAATTGCACG;0.079;0.027
SN_rep2 20180117;SPA138_1;GCCCATTGACATCTCGATGCAATTCCTGTATAATTGCACG;0.032;0.02
SN_rep2 20180117;SPA138_2;GCCCATTGACATCTCGATGCAATTCCTGTATAATTGCACG;0.031;0.018
SN_rep2 20180117;SPA138_3;GCCCATTGACATCTCGATGCAATTCCTGTATAATTGCACG;0.03;0.022
DN20171017_TOP10_SPA2;SPA139_1;GCCCATTGACAAACTTTTATCTTTCGAGTATAATTGCACG;0.039;0.014
DN20171017_TOP10_SPA2;SPA139_2;GCCCATTGACAAACTTTTATCTTTCGAGTATAATTGCACG;0.035;0.014
DN20171017_TOP10_SPA2;SPA139_3;GCCCATTGACAAACTTTTATCTTTCGAGTATAATTGCACG;0.035;0.019
DN20171017_TOP10_SPA2;SPA140_1;GCCCATTGACAACTCTATCCGCAAGCGATATAATTGCACG;0.046;0.022
DN20171017_TOP10_SPA2;SPA140_2;GCCCATTGACAACTCTATCCGCAAGCGATATAATTGCACG;0.052;0.026
DN20171017_TOP10_SPA2;SPA140_3;GCCCATTGACAACTCTATCCGCAAGCGATATAATTGCACG;0.048;0.021
DN20171017_TOP10_SPA2;SPA142_1;GCCCATTGACACAATCTACAATGTGTAGTATAATTGCACG;0.032;0.026
DN20171017_TOP10_SPA2;SPA142_2;GCCCATTGACACAATCTACAATGTGTAGTATAATTGCACG;0.03;0.024
DN20171017_TOP10_SPA2;SPA142_3;GCCCATTGACACAATCTACAATGTGTAGTATAATTGCACG;0.036;0.025
DN20171017_TOP10_SPA2;SPA146_1;GCCCATTGACATTTCCTGACGTTATTGGTATAATTGCACG;0.034;0.025
DN20171017_TOP10_SPA2;SPA146_2;GCCCATTGACATTTCCTGACGTTATTGGTATAATTGCACG;0.038;0.023
DN20171017_TOP10_SPA2;SPA146_3;GCCCATTGACATTTCCTGACGTTATTGGTATAATTGCACG;0.038;0.021
DN20171017_TOP10_SPA2;SPA147_1;GCCCATTGACAAGTTCTAAGGTTTTTGGTATAATTGCACG;0.03;0.023
DN20171017_TOP10_SPA2;SPA147_2;GCCCATTGACAAGTTCTAAGGTTTTTGGTATAATTGCACG;0.029;0.024
DN20171017_TOP10_SPA2;SPA147_3;GCCCATTGACAAGTTCTAAGGTTTTTGGTATAATTGCACG;0.029;0.029
DN20171017_TOP10_SPA2;SPA148_1;GCCCATTGACAGGCGCGCTGTTTTAGTTTATAATTGCACG;0.043;0.017
DN20171017_TOP10_SPA2;SPA148_2;GCCCATTGACAGGCGCGCTGTTTTAGTTTATAATTGCACG;0.033;0.018
DN20171017_TOP10_SPA2;SPA148_3;GCCCATTGACAGGCGCGCTGTTTTAGTTTATAATTGCACG;0.029;0.017
DN20171017_TOP10_SPA2;SPA156_1;GCCCATTGACATATGCACTCGCATCGGTTATAATTGCACG;0.033;0.028
DN20171017_TOP10_SPA2;SPA156_2;GCCCATTGACATATGCACTCGCATCGGTTATAATTGCACG;0.037;0.027
DN20171017_TOP10_SPA2;SPA156_3;GCCCATTGACATATGCACTCGCATCGGTTATAATTGCACG;0.037;0.026
DN20171017_TOP10_SPA2;SPA159_1;GCCCATTGACACGTTGATTTTGTTCGGGTATAATTGCACG;0.044;0.031
DN20171017_TOP10_SPA2;SPA159_2;GCCCATTGACACGTTGATTTTGTTCGGGTATAATTGCACG;0.033;0.031
DN20171017_TOP10_SPA2;SPA159_3;GCCCATTGACACGTTGATTTTGTTCGGGTATAATTGCACG;0.039;0.034
DN20171017_TOP10_SPA2;SPA160_1;GCCCATTGACATCCCCGGGTGGAAATTTTATAATTGCACG;0.058;0.024
DN20171017_TOP10_SPA2;SPA160_2;GCCCATTGACATCCCCGGGTGGAAATTTTATAATTGCACG;0.056;0.018
DN20171017_TOP10_SPA2;SPA160_3;GCCCATTGACATCCCCGGGTGGAAATTTTATAATTGCACG;0.057;0.023
DN20171017_TOP10_SPA2;SPA161_1;GCCCATTGACATGTCTGGGAGGTGGATGTATAATTGCACG;0.053;0.028
DN20171017_TOP10_SPA2;SPA161_2;GCCCATTGACATGTCTGGGAGGTGGATGTATAATTGCACG;0.053;0.032
DN20171017_TOP10_SPA2;SPA161_3;GCCCATTGACATGTCTGGGAGGTGGATGTATAATTGCACG;0.049;0.038
DN20171017_TOP10_SPA2;SPA162_1;GCCCATTGACATTATTTTAATTTCGCGATATAATTGCACG;0.043;0.021
DN20171017_TOP10_SPA2;SPA162_2;GCCCATTGACATTATTTTAATTTCGCGATATAATTGCACG;0.03;0.019
DN20171017_TOP10_SPA2;SPA162_3;GCCCATTGACATTATTTTAATTTCGCGATATAATTGCACG;0.04;0.017
DN20171017_TOP10_SPA2;SPA166_1;GCCCATTGACAGGCTCATCTACTTCTGCTATAATTGCACG;0.053;0.021
DN20171017_TOP10_SPA2;SPA166_2;GCCCATTGACAGGCTCATCTACTTCTGCTATAATTGCACG;0.061;0.018
DN20171017_TOP10_SPA2;SPA166_3;GCCCATTGACAGGCTCATCTACTTCTGCTATAATTGCACG;0.054;0.021
DN20171017_TOP10_SPA2;SPA172_1;GCCCATTGACAGGGGGCGCGAATCGGTGTATAATTGCACG;0.04;0.037
DN20171017_TOP10_SPA2;SPA172_2;GCCCATTGACAGGGGGCGCGAATCGGTGTATAATTGCACG;0.024;0.034
DN20171017_TOP10_SPA2;SPA172_3;GCCCATTGACAGGGGGCGCGAATCGGTGTATAATTGCACG;0.033;0.033
DN20171017_TOP10_SPA2;SPA173_1;GCCCATTGACACGCCTTCAGGTGGCGTGTATAATTGCACG;0.048;0.037
DN20171017_TOP10_SPA2;SPA173_2;GCCCATTGACACGCCTTCAGGTGGCGTGTATAATTGCACG;0.05;0.036
DN20171017_TOP10_SPA2;SPA173_3;GCCCATTGACACGCCTTCAGGTGGCGTGTATAATTGCACG;0.056;0.031
DN20171017_TOP10_SPA2;SPA174_1;GCCCATTGACAATGGCGGCGTATGTGCTTATAATTGCACG;0.051;0.031
DN20171017_TOP10_SPA2;SPA174_2;GCCCATTGACAATGGCGGCGTATGTGCTTATAATTGCACG;0.059;0.03
DN20171017_TOP10_SPA2;SPA174_3;GCCCATTGACAATGGCGGCGTATGTGCTTATAATTGCACG;0.049;0.03
DN20171017_TOP10_SPA2;SPA175_1;GCCCATTGACAGGATACAATAATGACTATATAATTGCACG;0.05;0.019
DN20171017_TOP10_SPA2;SPA175_2;GCCCATTGACAGGATACAATAATGACTATATAATTGCACG;0.05;0.021
DN20171017_TOP10_SPA2;SPA175_3;GCCCATTGACAGGATACAATAATGACTATATAATTGCACG;0.05;0.02
SN_rep2 20180117;SPA176_1;GCCCATTGACAGAGTGTAACGCCTGTAGTATAATTGCACG;0;0
SN_rep2 20180117;SPA176_2;GCCCATTGACAGAGTGTAACGCCTGTAGTATAATTGCACG;0.002;0
SN_rep2 20180117;SPA176_3;GCCCATTGACAGAGTGTAACGCCTGTAGTATAATTGCACG;0;0
DN20171114_Repeat_TOP10_BioLect;SPA177_1;GCCCATTGACATTTGTTTGAAACTATATTATAATTGCACG;0.019;0.022
DN20171114_Repeat_TOP10_BioLect;SPA177_2;GCCCATTGACATTTGTTTGAAACTATATTATAATTGCACG;0.025;0.021
DN20171114_Repeat_TOP10_BioLect;SPA177_3;GCCCATTGACATTTGTTTGAAACTATATTATAATTGCACG;0.036;0.023
DN20171017_TOP10_SPA2;SPA179_1;GCCCATTGACACGCGACGCCTATTAGGGTATAATTGCACG;0.042;0.022
DN20171017_TOP10_SPA2;SPA179_2;GCCCATTGACACGCGACGCCTATTAGGGTATAATTGCACG;0.036;0.017
DN20171017_TOP10_SPA2;SPA179_3;GCCCATTGACACGCGACGCCTATTAGGGTATAATTGCACG;0.036;0.024
DN20171017_TOP10_SPA2;SPA181_1;GCCCATTGACAGAGCTTCAGCGGCATAGTATAATTGCACG;0.035;0.034
DN20171017_TOP10_SPA2;SPA181_2;GCCCATTGACAGAGCTTCAGCGGCATAGTATAATTGCACG;0.047;0.035
DN20171017_TOP10_SPA2;SPA181_3;GCCCATTGACAGAGCTTCAGCGGCATAGTATAATTGCACG;0.046;0.035
DN20171017_TOP10_SPA2;SPA184_1;GCCCATTGACACTGTTTATTCTTTTTGATATAATTGCACG;0.042;0.019
DN20171017_TOP10_SPA2;SPA184_2;GCCCATTGACACTGTTTATTCTTTTTGATATAATTGCACG;0.05;0.014
DN20171017_TOP10_SPA2;SPA184_3;GCCCATTGACACTGTTTATTCTTTTTGATATAATTGCACG;0.039;0.019
SN_rep2 20180117;SPA187_1;GCCCATTGACAGTTGATAATTTGTCATATATAATTGCACG;0.077;0.019
SN_rep2 20180117;SPA187_2;GCCCATTGACAGTTGATAATTTGTCATATATAATTGCACG;0.076;0.016
SN_rep2 20180117;SPA187_3;GCCCATTGACAGTTGATAATTTGTCATATATAATTGCACG;0.067;0.02
SN_rep2 20180117;SPA188_1;GCCCATTGACACTACTCTTTTAACGTTGTATAATTGCACG;0.019;0.025
SN_rep2 20180117;SPA188_2;GCCCATTGACACTACTCTTTTAACGTTGTATAATTGCACG;0.017;0.028
SN_rep2 20180117;SPA188_3;GCCCATTGACACTACTCTTTTAACGTTGTATAATTGCACG;0.023;0.025
DN20171017_TOP10_SPA2;SPA189_1;GCCCATTGACAATCTGTGTTTTTCCGTCTATAATTGCACG;0.028;0.028
DN20171017_TOP10_SPA2;SPA189_2;GCCCATTGACAATCTGTGTTTTTCCGTCTATAATTGCACG;0.019;0.029
DN20171017_TOP10_SPA2;SPA189_3;GCCCATTGACAATCTGTGTTTTTCCGTCTATAATTGCACG;0.042;0.024
DN20171010_TOP10_SPL42;42_70_1;GCCCATTGCTTAGGCTCTCGCGGCCAGGTAGTATTGCACG;0.002;0.00705
DN20171010_TOP10_SPL42;42_70_2;GCCCATTGCTTAGGCTCTCGCGGCCAGGTAGTATTGCACG;0.00196;0.00822
DN20171010_TOP10_SPL42;42_70_3;GCCCATTGCTTAGGCTCTCGCGGCCAGGTAGTATTGCACG;0.00183;0.00811
DN20171010_TOP10_SPL42;42_86_1;GCCCATTGCTTAGGCTCTCGCGGCCAGGTAGAATTGCACG;0.00257;0.01046
DN20171010_TOP10_SPL42;42_86_2;GCCCATTGCTTAGGCTCTCGCGGCCAGGTAGAATTGCACG;0.00212;0.0073
DN20171010_TOP10_SPL42;42_86_3;GCCCATTGCTTAGGCTCTCGCGGCCAGGTAGAATTGCACG;0.0025;0.00747
SN_rep1 20180116;42_89_1;GCCCATTGCCTAGGCTCTCGCGGCCAGGTATGATTGCACG;0.021;0.008
SN_rep1 20180116;42_89_2;GCCCATTGCCTAGGCTCTCGCGGCCAGGTATGATTGCACG;0.015;0.011
SN_rep1 20180116;42_89_3;GCCCATTGCCTAGGCTCTCGCGGCCAGGTATGATTGCACG;0.021;0.009
DN20171010_TOP10_SPL42;42_98_1;GCCCATTTACTAGGCTCTCGCGGCCAGGTATGATTGCACG;0.002188;0.005166
DN20171010_TOP10_SPL42;42_98_2;GCCCATTTACTAGGCTCTCGCGGCCAGGTATGATTGCACG;0.002384;0.005145
DN20171010_TOP10_SPL42;42_98_3;GCCCATTTACTAGGCTCTCGCGGCCAGGTATGATTGCACG;0.002365;0.005785
SN_rep1 20180116;42_99_1;GCCCATTGACCAGGCTCTCGCGGCCAGGTACGCTTGCACG;0.003;0.016
SN_rep1 20180116;42_99_2;GCCCATTGACCAGGCTCTCGCGGCCAGGTACGCTTGCACG;0.003;0.015
SN_rep1 20180116;42_99_3;GCCCATTGACCAGGCTCTCGCGGCCAGGTACGCTTGCACG;0.004;0.017
DN20171010_TOP10_SPL42;42_103_1;GCCCATTGATCAGGCTCTCGCGGCCAGGTATTATTGCACG;0.007;0.004
DN20171010_TOP10_SPL42;42_103_2;GCCCATTGATCAGGCTCTCGCGGCCAGGTATTATTGCACG;0.005;0.005
DN20171010_TOP10_SPL42;42_103_3;GCCCATTGATCAGGCTCTCGCGGCCAGGTATTATTGCACG;0.004;0.004
DN20171010_TOP10_SPL42;42_104_1;GCCCATTCGTTAGGCTCTCGCGGCCAGGTAGGCTTGCACG;0.000194;0.000275
DN20171010_TOP10_SPL42;42_104_2;GCCCATTCGTTAGGCTCTCGCGGCCAGGTAGGCTTGCACG;0.000226;0.000245
DN20171010_TOP10_SPL42;42_104_3;GCCCATTCGTTAGGCTCTCGCGGCCAGGTAGGCTTGCACG;0.000241;0.000232
DN20171010_TOP10_SPL42;42_137_1;GCCCATTGATAAGGCTCTCGCGGCCAGGTATCATTGCACG;0.004;0.014
DN20171010_TOP10_SPL42;42_137_2;GCCCATTGATAAGGCTCTCGCGGCCAGGTATCATTGCACG;0.004;0.012
DN20171010_TOP10_SPL42;42_137_3;GCCCATTGATAAGGCTCTCGCGGCCAGGTATCATTGCACG;0.003;0.013
DN20171010_TOP10_SPL42;42_145_1;GCCCATTGCTTAGGCTCTCGCGGCCAGGTACAATTGCACG;0.005;0.008
DN20171010_TOP10_SPL42;42_145_2;GCCCATTGCTTAGGCTCTCGCGGCCAGGTACAATTGCACG;0.005;0.008
DN20171010_TOP10_SPL42;42_145_3;GCCCATTGCTTAGGCTCTCGCGGCCAGGTACAATTGCACG;0.005;0.01
SN_rep1 20180116;42_158_1;GCCCATTGACCAGGCTCTCGCGGCCAGGTACAGTTGCACG;0.012;0.026
SN_rep1 20180116;42_158_2;GCCCATTGACCAGGCTCTCGCGGCCAGGTACAGTTGCACG;0.008;0.022
SN_rep1 20180116;42_158_3;GCCCATTGACCAGGCTCTCGCGGCCAGGTACAGTTGCACG;0.008;0.023
DN20171114_Repeat_TOP10_BioLect;42_159_1;GCCCATTGACCAGGCTCTCGCGGCCAGGTACGATTGCACG;0.01;0.006
DN20171114_Repeat_TOP10_BioLect;42_159_2;GCCCATTGACCAGGCTCTCGCGGCCAGGTACGATTGCACG;0.008;0.008
DN20171114_Repeat_TOP10_BioLect;42_159_3;GCCCATTGACCAGGCTCTCGCGGCCAGGTACGATTGCACG;0.008;0.007
DN20171010_TOP10_SPL42;42_168_1;GCCCATTGTGTAGGCTCTCGCGGCCAGGTATACTTGCACG;0.004;0.009
DN20171010_TOP10_SPL42;42_168_2;GCCCATTGTGTAGGCTCTCGCGGCCAGGTATACTTGCACG;0.004;0.01
DN20171010_TOP10_SPL42;42_168_3;GCCCATTGTGTAGGCTCTCGCGGCCAGGTATACTTGCACG;0.006;0.01
SN_rep1 20180116;42_200_1;GCCCATTGATCAGGCTCTCGCGGCCAGGTATGATTGCACG;0.008;0.01
SN_rep1 20180116;42_200_2;GCCCATTGATCAGGCTCTCGCGGCCAGGTATGATTGCACG;0.009;0.011
SN_rep1 20180116;42_200_3;GCCCATTGATCAGGCTCTCGCGGCCAGGTATGATTGCACG;0.009;0.01
SN_rep3 20180122;42_214_1;GCCCATTGACCAGGCTCTCGCGGCCAGGTAAAGTTGCACG;0.006;0.02
SN_rep3 20180122;42_214_2;GCCCATTGACCAGGCTCTCGCGGCCAGGTAAAGTTGCACG;0.004;0.018
SN_rep3 20180122;42_214_3;GCCCATTGACCAGGCTCTCGCGGCCAGGTAAAGTTGCACG;0.003;0.02
DN20171010_TOP10_SPL42;42_215_1;GCCCATTGCAAAGGCTCTCGCGGCCAGGTATGCTTGCACG;0.005;0.028
DN20171010_TOP10_SPL42;42_215_2;GCCCATTGCAAAGGCTCTCGCGGCCAGGTATGCTTGCACG;0.004;0.028
DN20171010_TOP10_SPL42;42_215_3;GCCCATTGCAAAGGCTCTCGCGGCCAGGTATGCTTGCACG;0.004;0.03
DN20171010_TOP10_SPL42;42_216_1;GCCCATTGACAAGGCTCTCGCGGCCAGGTAGTTTTGCACG;0.008;0.033
DN20171010_TOP10_SPL42;42_216_2;GCCCATTGACAAGGCTCTCGCGGCCAGGTAGTTTTGCACG;0.008;0.032
DN20171010_TOP10_SPL42;42_216_3;GCCCATTGACAAGGCTCTCGCGGCCAGGTAGTTTTGCACG;0.007;0.032
DN20171010_TOP10_SPL42;42_217_1;GCCCATTGCGGAGGCTCTCGCGGCCAGGTAGAATTGCACG;0.003;0.013
DN20171010_TOP10_SPL42;42_217_2;GCCCATTGCGGAGGCTCTCGCGGCCAGGTAGAATTGCACG;0.003;0.012
DN20171010_TOP10_SPL42;42_217_3;GCCCATTGCGGAGGCTCTCGCGGCCAGGTAGAATTGCACG;0.003;0.012
DN20170927_TOP10_SPL35;35_24_1;TTTATTTGACATGCGTGATGTTTAGAATTAAACTTTGGGG;0.025;0.008
DN20170927_TOP10_SPL35;35_24_2;TTTATTTGACATGCGTGATGTTTAGAATTAAACTTTGGGG;0.019;0.008
DN20170927_TOP10_SPL35;35_24_3;TTTATTTGACATGCGTGATGTTTAGAATTAAACTTTGGGG;0.022;0.008
DN20170927_TOP10_SPL35;35_25_1;TTTATTTGACCTGCGTGATGTTTAGAATTATAATTTGGGG;0.02;0.003
DN20170927_TOP10_SPL35;35_25_2;TTTATTTGACCTGCGTGATGTTTAGAATTATAATTTGGGG;0.033;0.004
DN20170927_TOP10_SPL35;35_25_3;TTTATTTGACCTGCGTGATGTTTAGAATTATAATTTGGGG;0.039;0.006
SN_rep1 20180116;35_32_1;TTTATTTGTGGTGCGTGATGTTTAGAATTAGCATTTGGGG;0.001;0
SN_rep1 20180116;35_32_2;TTTATTTGTGGTGCGTGATGTTTAGAATTAGCATTTGGGG;0.001;0
SN_rep1 20180116;35_32_3;TTTATTTGTGGTGCGTGATGTTTAGAATTAGCATTTGGGG;0.001;0
SN_rep1 20180116;35_44_1;TTTATTTGACATGCGTGATGTTTAGAATTACCCTTTGGGG;0.069;0.008
SN_rep1 20180116;35_44_2;TTTATTTGACATGCGTGATGTTTAGAATTACCCTTTGGGG;0.068;0.008
SN_rep1 20180116;35_44_3;TTTATTTGACATGCGTGATGTTTAGAATTACCCTTTGGGG;0.073;0.009
DN20170927_TOP10_SPL35;35_45_1;TTTATTTGTTGTGCGTGATGTTTAGAATTATTCTTTGGGG;0.001;0
DN20170927_TOP10_SPL35;35_45_2;TTTATTTGTTGTGCGTGATGTTTAGAATTATTCTTTGGGG;0.001;0
DN20170927_TOP10_SPL35;35_45_3;TTTATTTGTTGTGCGTGATGTTTAGAATTATTCTTTGGGG;0.001;0
DN20170927_TOP10_SPL35;35_47_1;TTTATTTGTTTTGCGTGATGTTTAGAATTATCGTTTGGGG;0.000575;0.000252
DN20170927_TOP10_SPL35;35_47_2;TTTATTTGTTTTGCGTGATGTTTAGAATTATCGTTTGGGG;0.000724;0.000255
DN20170927_TOP10_SPL35;35_47_3;TTTATTTGTTTTGCGTGATGTTTAGAATTATCGTTTGGGG;0.000593;0.000235
SN_rep1 20180116;35_48_1;TTTATTTGACATGCGTGATGTTTAGAATTACACTTTGGGG;0.080376;0.008715
SN_rep1 20180116;35_48_2;TTTATTTGACATGCGTGATGTTTAGAATTACACTTTGGGG;0.08542;0.010536
SN_rep1 20180116;35_48_3;TTTATTTGACATGCGTGATGTTTAGAATTACACTTTGGGG;0.097574;0.00894
SN_rep1 20180116;35_51_1;TTTATTTGACGTGCGTGATGTTTAGAATTAAAATTTGGGG;0.012509;0.00484
SN_rep1 20180116;35_51_2;TTTATTTGACGTGCGTGATGTTTAGAATTAAAATTTGGGG;0.02276;0.004482
SN_rep1 20180116;35_51_3;TTTATTTGACGTGCGTGATGTTTAGAATTAAAATTTGGGG;0.017876;0.004667
DN20171114_Repeat_TOP10_BioLect;35_54_1;TTTATTTGTAATGCGTGATGTTTAGAATTAGACTTTGGGG;0.002895;0.000742
DN20171114_Repeat_TOP10_BioLect;35_54_2;TTTATTTGTAATGCGTGATGTTTAGAATTAGACTTTGGGG;0.002397;0.000846
DN20171114_Repeat_TOP10_BioLect;35_54_3;TTTATTTGTAATGCGTGATGTTTAGAATTAGACTTTGGGG;0.002644;0.000719
DN20170927_TOP10_SPL35;35_55_1;TTTATTTGCATTGCGTGATGTTTAGAATTACGGTTTGGGG;0.001232;0.000361
DN20170927_TOP10_SPL35;35_55_2;TTTATTTGCATTGCGTGATGTTTAGAATTACGGTTTGGGG;0.001369;0.000327
DN20170927_TOP10_SPL35;35_55_3;TTTATTTGCATTGCGTGATGTTTAGAATTACGGTTTGGGG;0.001207;0.000333
DN20170927_TOP10_SPL35;35_62_1;TTTATTTGTGCTGCGTGATGTTTAGAATTATTCTTTGGGG;0.003922;0.000171
DN20170927_TOP10_SPL35;35_62_2;TTTATTTGTGCTGCGTGATGTTTAGAATTATTCTTTGGGG;0.003967;0.000427
DN20170927_TOP10_SPL35;35_62_3;TTTATTTGTGCTGCGTGATGTTTAGAATTATTCTTTGGGG;0.003981;0.00085
DN20170927_TOP10_SPL35;35_63_1;TTTATTTGACATGCGTGATGTTTAGAATTATCCTTTGGGG;0.043;0.012
DN20170927_TOP10_SPL35;35_63_2;TTTATTTGACATGCGTGATGTTTAGAATTATCCTTTGGGG;0.043;0.013
DN20170927_TOP10_SPL35;35_63_3;TTTATTTGACATGCGTGATGTTTAGAATTATCCTTTGGGG;0.043;0.011
DN20170927_TOP10_SPL35;35_70_1;TTTATTTGATGTGCGTGATGTTTAGAATTACATTTTGGGG;0.001;0
DN20170927_TOP10_SPL35;35_70_2;TTTATTTGATGTGCGTGATGTTTAGAATTACATTTTGGGG;0.001;0
DN20170927_TOP10_SPL35;35_70_3;TTTATTTGATGTGCGTGATGTTTAGAATTACATTTTGGGG;0.001;0
DN20170927_TOP10_SPL35;35_71_1;TTTATTTGCTCTGCGTGATGTTTAGAATTATTGTTTGGGG;0.003;0
DN20170927_TOP10_SPL35;35_71_2;TTTATTTGCTCTGCGTGATGTTTAGAATTATTGTTTGGGG;0.003;0
DN20170927_TOP10_SPL35;35_71_3;TTTATTTGCTCTGCGTGATGTTTAGAATTATTGTTTGGGG;0.003;0
DN20170927_TOP10_SPL35;35_79_1;TTTATTTGCTGTGCGTGATGTTTAGAATTAGGGTTTGGGG;0.003;0
DN20170927_TOP10_SPL35;35_79_2;TTTATTTGCTGTGCGTGATGTTTAGAATTAGGGTTTGGGG;0.003;0
DN20170927_TOP10_SPL35;35_79_3;TTTATTTGCTGTGCGTGATGTTTAGAATTAGGGTTTGGGG;0.003;0
DN20170927_TOP10_SPL35;35_84_1;TTTATTTGCGTTGCGTGATGTTTAGAATTAGGGTTTGGGG;0.001;0.001
DN20170927_TOP10_SPL35;35_84_2;TTTATTTGCGTTGCGTGATGTTTAGAATTAGGGTTTGGGG;0.001;0.001
DN20170927_TOP10_SPL35;35_84_3;TTTATTTGCGTTGCGTGATGTTTAGAATTAGGGTTTGGGG;0.001;0
DN20170927_TOP10_SPL35;35_92_1;TTTATTTGACATGCGTGATGTTTAGAATTATCATTTGGGG;0.038;0.009
DN20170927_TOP10_SPL35;35_92_2;TTTATTTGACATGCGTGATGTTTAGAATTATCATTTGGGG;0.042;0.01
DN20170927_TOP10_SPL35;35_92_3;TTTATTTGACATGCGTGATGTTTAGAATTATCATTTGGGG;0.035;0.009
DN20170927_TOP10_SPL35;35_105_1;TTTATTTGACATGCGTGATGTTTAGAATTACCATTTGGGG;0.048;0.011
DN20170927_TOP10_SPL35;35_105_2;TTTATTTGACATGCGTGATGTTTAGAATTACCATTTGGGG;0.044;0.01
DN20170927_TOP10_SPL35;35_105_3;TTTATTTGACATGCGTGATGTTTAGAATTACCATTTGGGG;0.051;0.012
SN_rep1 20180116;35_106_1;TTTATTTGACATGCGTGATGTTTAGAATTATGCTTTGGGG;0.04;0.01
SN_rep1 20180116;35_106_2;TTTATTTGACATGCGTGATGTTTAGAATTATGCTTTGGGG;0.038;0.012
SN_rep1 20180116;35_106_3;TTTATTTGACATGCGTGATGTTTAGAATTATGCTTTGGGG;0.04;0.012
SN_rep1 20180116;35_110_1;TTTATTTGACGTGCGTGATGTTTAGAATTAAACTTTGGGG;0.074;0.004
SN_rep1 20180116;35_110_2;TTTATTTGACGTGCGTGATGTTTAGAATTAAACTTTGGGG;0.059;0.004
SN_rep1 20180116;35_110_3;TTTATTTGACGTGCGTGATGTTTAGAATTAAACTTTGGGG;0.067;0.003
SN_rep1 20180116;35_119_1;TTTATTTGACATGCGTGATGTTTAGAATTATCATTTGGGG;0.03;0.014
SN_rep1 20180116;35_119_2;TTTATTTGACATGCGTGATGTTTAGAATTATCATTTGGGG;0.029;0.011
SN_rep1 20180116;35_119_3;TTTATTTGACATGCGTGATGTTTAGAATTATCATTTGGGG;0.03;0.02
SN_rep1 20180116;35_131_1;TTTATTTGTTTTGCGTGATGTTTAGAATTAGTATTTGGGG;0.007;0
SN_rep1 20180116;35_131_2;TTTATTTGTTTTGCGTGATGTTTAGAATTAGTATTTGGGG;0.007;0
SN_rep1 20180116;35_131_3;TTTATTTGTTTTGCGTGATGTTTAGAATTAGTATTTGGGG;0.008;0
