Strain ID Ecol;Strain ID Ptai;Sequence;Spacer;Ecol-Activity;Ptai-Activity
DN20171114_Repeat_TOP10_BioLect;SynPro42_1;GCCCATTGACAAGGCTCTCGCGGCCAGGTATAATTGCACG;AGGCTCTCGCGGCCAGG;0.027;0.028
DN20171114_Repeat_TOP10_BioLect;SynPro42_2;GCCCATTGACAAGGCTCTCGCGGCCAGGTATAATTGCACG;AGGCTCTCGCGGCCAGG;0.057;0.034
DN20171114_Repeat_TOP10_BioLect;SynPro42_3;GCCCATTGACAAGGCTCTCGCGGCCAGGTATAATTGCACG;AGGCTCTCGCGGCCAGG;0.088;0.027
DN20171011_TOP10_SPA1;SPA75_1;GCCCATTGACAACACTATTTTTTGATACTATAATTGCACG;ACACTATTTTTTGATAC;0.049;0.032
DN20171011_TOP10_SPA1;SPA75_2;GCCCATTGACAACACTATTTTTTGATACTATAATTGCACG;ACACTATTTTTTGATAC;0.049;0.029
DN20171011_TOP10_SPA1;SPA75_3;GCCCATTGACAACACTATTTTTTGATACTATAATTGCACG;ACACTATTTTTTGATAC;0.049;0.029
DN20171114_Repeat_TOP10_BioLect;SPA76_1;GCCCATTGACACGTGTACTGTGTACGGTTATAATTGCACG;CGTGTACTGTGTACGGT;0.017;0.016
DN20171114_Repeat_TOP10_BioLect;SPA76_2;GCCCATTGACACGTGTACTGTGTACGGTTATAATTGCACG;CGTGTACTGTGTACGGT;0.02;0.018
DN20171114_Repeat_TOP10_BioLect;SPA76_3;GCCCATTGACACGTGTACTGTGTACGGTTATAATTGCACG;CGTGTACTGTGTACGGT;0.019;0.017
DN20171011_TOP10_SPA1;SPA79_1;GCCCATTGACATGGTAATGAAGCCGGTGTATAATTGCACG;TGGTAATGAAGCCGGTG;0.029;0.019
DN20171011_TOP10_SPA1;SPA79_2;GCCCATTGACATGGTAATGAAGCCGGTGTATAATTGCACG;TGGTAATGAAGCCGGTG;0.042;0.017
DN20171011_TOP10_SPA1;SPA79_3;GCCCATTGACATGGTAATGAAGCCGGTGTATAATTGCACG;TGGTAATGAAGCCGGTG;0.039;0.031
DN20171114_Repeat_TOP10_BioLect;SPA80_1;GCCCATTGACAAGGGAGTTCGGAGGTGTTATAATTGCACG;AGGGAGTTCGGAGGTGT;0.003;0.027
DN20171114_Repeat_TOP10_BioLect;SPA80_2;GCCCATTGACAAGGGAGTTCGGAGGTGTTATAATTGCACG;AGGGAGTTCGGAGGTGT;0.003;0.021
DN20171114_Repeat_TOP10_BioLect;SPA80_3;GCCCATTGACAAGGGAGTTCGGAGGTGTTATAATTGCACG;AGGGAGTTCGGAGGTGT;0.003;0.027
SN_rep2 20180117;SPA81_1;GCCCATTGACAACGCGTCCACGTGGGGGTATAATTGCACG;ACGCGTCCACGTGGGGG;0.048;0.041
SN_rep2 20180117;SPA81_2;GCCCATTGACAACGCGTCCACGTGGGGGTATAATTGCACG;ACGCGTCCACGTGGGGG;0.041;0.038
SN_rep2 20180117;SPA81_3;GCCCATTGACAACGCGTCCACGTGGGGGTATAATTGCACG;ACGCGTCCACGTGGGGG;0.04;0.042
DN20171011_TOP10_SPA1;SPA82_1;GCCCATTGACATTGCGGTCTGTGGGTGGTATAATTGCACG;TTGCGGTCTGTGGGTGG;0.045;0.039
DN20171011_TOP10_SPA1;SPA82_2;GCCCATTGACATTGCGGTCTGTGGGTGGTATAATTGCACG;TTGCGGTCTGTGGGTGG;0.045;0.038
DN20171011_TOP10_SPA1;SPA82_3;GCCCATTGACATTGCGGTCTGTGGGTGGTATAATTGCACG;TTGCGGTCTGTGGGTGG;0.045;0.037
DN20171011_TOP10_SPA1;SPA83_1;GCCCATTGACATTGCGGTATTGCTAGTTTATAATTGCACG;TTGCGGTATTGCTAGTT;0.045;0.027
DN20171011_TOP10_SPA1;SPA83_2;GCCCATTGACATTGCGGTATTGCTAGTTTATAATTGCACG;TTGCGGTATTGCTAGTT;0.044;0.026
DN20171011_TOP10_SPA1;SPA83_3;GCCCATTGACATTGCGGTATTGCTAGTTTATAATTGCACG;TTGCGGTATTGCTAGTT;0.044;0.026
DN20171011_TOP10_SPA1;SPA84_1;GCCCATTGACATAGCTACGGGTTTGGTTTATAATTGCACG;TAGCTACGGGTTTGGTT;0.043;0.026
DN20171011_TOP10_SPA1;SPA84_2;GCCCATTGACATAGCTACGGGTTTGGTTTATAATTGCACG;TAGCTACGGGTTTGGTT;0.044;0.03
DN20171011_TOP10_SPA1;SPA84_3;GCCCATTGACATAGCTACGGGTTTGGTTTATAATTGCACG;TAGCTACGGGTTTGGTT;0.048;0.025
DN20171011_TOP10_SPA1;SPA85_1;GCCCATTGACATATCTTCATTGGTGCATTATAATTGCACG;TATCTTCATTGGTGCAT;0.069;0.022
DN20171011_TOP10_SPA1;SPA85_2;GCCCATTGACATATCTTCATTGGTGCATTATAATTGCACG;TATCTTCATTGGTGCAT;0.069;0.026
DN20171011_TOP10_SPA1;SPA85_3;GCCCATTGACATATCTTCATTGGTGCATTATAATTGCACG;TATCTTCATTGGTGCAT;0.072;0.023
DN20171011_TOP10_SPA1;SPA86_1;GCCCATTGACAAGGGACGTTCTGCGAGGTATAATTGCACG;AGGGACGTTCTGCGAGG;0.038;0.027
DN20171011_TOP10_SPA1;SPA86_2;GCCCATTGACAAGGGACGTTCTGCGAGGTATAATTGCACG;AGGGACGTTCTGCGAGG;0.055;0.028
DN20171011_TOP10_SPA1;SPA86_3;GCCCATTGACAAGGGACGTTCTGCGAGGTATAATTGCACG;AGGGACGTTCTGCGAGG;0.042;0.027
DN20171011_TOP10_SPA1;SPA88_1;GCCCATTGACACCCCTCTTGACTTATTATATAATTGCACG;CCCCTCTTGACTTATTA;0.049;0.016
DN20171011_TOP10_SPA1;SPA88_2;GCCCATTGACACCCCTCTTGACTTATTATATAATTGCACG;CCCCTCTTGACTTATTA;0.048;0.016
DN20171011_TOP10_SPA1;SPA88_3;GCCCATTGACACCCCTCTTGACTTATTATATAATTGCACG;CCCCTCTTGACTTATTA;0.05;0.017
DN20171011_TOP10_SPA1;SPA89_1;GCCCATTGACATTACTACTCAGCTCATGTATAATTGCACG;TTACTACTCAGCTCATG;0.049;0.017
DN20171011_TOP10_SPA1;SPA89_2;GCCCATTGACATTACTACTCAGCTCATGTATAATTGCACG;TTACTACTCAGCTCATG;0.015;0.024
DN20171011_TOP10_SPA1;SPA89_3;GCCCATTGACATTACTACTCAGCTCATGTATAATTGCACG;TTACTACTCAGCTCATG;0.048;0.027
DN20171011_TOP10_SPA1;SPA90_1;GCCCATTGACATTGCCACATTGACCTGGTATAATTGCACG;TTGCCACATTGACCTGG;0.046;0.02
DN20171011_TOP10_SPA1;SPA90_2;GCCCATTGACATTGCCACATTGACCTGGTATAATTGCACG;TTGCCACATTGACCTGG;0.05;0.022
DN20171011_TOP10_SPA1;SPA90_3;GCCCATTGACATTGCCACATTGACCTGGTATAATTGCACG;TTGCCACATTGACCTGG;0.049;0.021
DN20171011_TOP10_SPA1;SPA91_1;GCCCATTGACAATTAGTATGGGGCAAGGTATAATTGCACG;ATTAGTATGGGGCAAGG;0.063;0.019
DN20171011_TOP10_SPA1;SPA91_2;GCCCATTGACAATTAGTATGGGGCAAGGTATAATTGCACG;ATTAGTATGGGGCAAGG;0.057;0.016
DN20171011_TOP10_SPA1;SPA91_3;GCCCATTGACAATTAGTATGGGGCAAGGTATAATTGCACG;ATTAGTATGGGGCAAGG;0.065;0.021
SN_rep2 20180117;SPA92_1;GCCCATTGACAGCCAATACGGTTTCTGCTATAATTGCACG;GCCAATACGGTTTCTGC;0.021;0.017
SN_rep2 20180117;SPA92_2;GCCCATTGACAGCCAATACGGTTTCTGCTATAATTGCACG;GCCAATACGGTTTCTGC;0.014;0.02
SN_rep2 20180117;SPA92_3;GCCCATTGACAGCCAATACGGTTTCTGCTATAATTGCACG;GCCAATACGGTTTCTGC;0.018;0.018
DN20171011_TOP10_SPA1;SPA94_1;GCCCATTGACAACTGTGTTTGTTTATTATATAATTGCACG;ACTGTGTTTGTTTATTA;0.038;0.02
DN20171011_TOP10_SPA1;SPA94_2;GCCCATTGACAACTGTGTTTGTTTATTATATAATTGCACG;ACTGTGTTTGTTTATTA;0.039;0.022
DN20171011_TOP10_SPA1;SPA94_3;GCCCATTGACAACTGTGTTTGTTTATTATATAATTGCACG;ACTGTGTTTGTTTATTA;0.041;0.022
DN20171011_TOP10_SPA1;SPA95_1;GCCCATTGACACTTTTCAAAGTACCAGTTATAATTGCACG;CTTTTCAAAGTACCAGT;0.081;0.024
DN20171011_TOP10_SPA1;SPA95_2;GCCCATTGACACTTTTCAAAGTACCAGTTATAATTGCACG;CTTTTCAAAGTACCAGT;0.044;0.022
DN20171011_TOP10_SPA1;SPA95_3;GCCCATTGACACTTTTCAAAGTACCAGTTATAATTGCACG;CTTTTCAAAGTACCAGT;0.038;0.022
DN20171011_TOP10_SPA1;SPA96_1;GCCCATTGACAAGTACCCTGGATCCGTGTATAATTGCACG;AGTACCCTGGATCCGTG;0.035;0.038
DN20171011_TOP10_SPA1;SPA96_2;GCCCATTGACAAGTACCCTGGATCCGTGTATAATTGCACG;AGTACCCTGGATCCGTG;0.036;0.038
DN20171011_TOP10_SPA1;SPA96_3;GCCCATTGACAAGTACCCTGGATCCGTGTATAATTGCACG;AGTACCCTGGATCCGTG;0.035;0.033
DN20171011_TOP10_SPA1;SPA99_1;GCCCATTGACATTGCAGTTTTGCTCATGTATAATTGCACG;TTGCAGTTTTGCTCATG;0.038;0.026
DN20171011_TOP10_SPA1;SPA99_2;GCCCATTGACATTGCAGTTTTGCTCATGTATAATTGCACG;TTGCAGTTTTGCTCATG;0.04;0.027
DN20171011_TOP10_SPA1;SPA99_3;GCCCATTGACATTGCAGTTTTGCTCATGTATAATTGCACG;TTGCAGTTTTGCTCATG;0.042;0.027
DN20171011_TOP10_SPA1;SPA108_1;GCCCATTGACACTCACCAGCCTACTCGGTATAATTGCACG;CTCACCAGCCTACTCGG;0.037;0.015
DN20171011_TOP10_SPA1;SPA108_2;GCCCATTGACACTCACCAGCCTACTCGGTATAATTGCACG;CTCACCAGCCTACTCGG;0.04;0.018
DN20171011_TOP10_SPA1;SPA108_3;GCCCATTGACACTCACCAGCCTACTCGGTATAATTGCACG;CTCACCAGCCTACTCGG;0.036;0.019
DN20171011_TOP10_SPA1;SPA112_1;GCCCATTGACACTGTACTGAGACATTGCTATAATTGCACG;CTGTACTGAGACATTGC;0.054;0.03
DN20171011_TOP10_SPA1;SPA112_2;GCCCATTGACACTGTACTGAGACATTGCTATAATTGCACG;CTGTACTGAGACATTGC;0.061;0.029
DN20171011_TOP10_SPA1;SPA112_3;GCCCATTGACACTGTACTGAGACATTGCTATAATTGCACG;CTGTACTGAGACATTGC;0.047;0.033
DN20171011_TOP10_SPA1;SPA113_1;GCCCATTGACAATCCACAAGGACATCTGTATAATTGCACG;ATCCACAAGGACATCTG;0.055;0.032
DN20171011_TOP10_SPA1;SPA113_2;GCCCATTGACAATCCACAAGGACATCTGTATAATTGCACG;ATCCACAAGGACATCTG;0.041;0.036
DN20171011_TOP10_SPA1;SPA113_3;GCCCATTGACAATCCACAAGGACATCTGTATAATTGCACG;ATCCACAAGGACATCTG;0.042;0.037
DN20171011_TOP10_SPA1;SPA114_1;GCCCATTGACAACATTGTGACAATTTGGTATAATTGCACG;ACATTGTGACAATTTGG;0.035;0.015
DN20171011_TOP10_SPA1;SPA114_2;GCCCATTGACAACATTGTGACAATTTGGTATAATTGCACG;ACATTGTGACAATTTGG;0.03;0.016
DN20171011_TOP10_SPA1;SPA114_3;GCCCATTGACAACATTGTGACAATTTGGTATAATTGCACG;ACATTGTGACAATTTGG;0.039;0.016
SN_rep3 20180122;SPA115_1;GCCCATTGACATCACGCCTGGCAAACGATATAATTGCACG;TCACGCCTGGCAAACGA;0.041;0.027
SN_rep3 20180122;SPA115_2;GCCCATTGACATCACGCCTGGCAAACGATATAATTGCACG;TCACGCCTGGCAAACGA;0.039;0.025
SN_rep3 20180122;SPA115_3;GCCCATTGACATCACGCCTGGCAAACGATATAATTGCACG;TCACGCCTGGCAAACGA;0.045;0.03
SN_rep3 20180122;SPA116_1;GCCCATTGACAAGATGGTTTTGCCAAAGTATAATTGCACG;AGATGGTTTTGCCAAAG;0.05;0.029
SN_rep3 20180122;SPA116_2;GCCCATTGACAAGATGGTTTTGCCAAAGTATAATTGCACG;AGATGGTTTTGCCAAAG;0.051;0.028
SN_rep3 20180122;SPA116_3;GCCCATTGACAAGATGGTTTTGCCAAAGTATAATTGCACG;AGATGGTTTTGCCAAAG;0.053;0.028
DN20171011_TOP10_SPA1;SPA117_1;GCCCATTGACATTGGTGAGACATTGGGGTATAATTGCACG;TTGGTGAGACATTGGGG;0.032;0.026
DN20171011_TOP10_SPA1;SPA117_2;GCCCATTGACATTGGTGAGACATTGGGGTATAATTGCACG;TTGGTGAGACATTGGGG;0.044;0.03
DN20171011_TOP10_SPA1;SPA117_3;GCCCATTGACATTGGTGAGACATTGGGGTATAATTGCACG;TTGGTGAGACATTGGGG;0.032;0.028
SN_rep3 20180122;SPA134_1;GCCCATTGACACTACAGTGTGGGTCTGGTATAATTGCACG;CTACAGTGTGGGTCTGG;0.027;0.027
SN_rep3 20180122;SPA134_2;GCCCATTGACACTACAGTGTGGGTCTGGTATAATTGCACG;CTACAGTGTGGGTCTGG;0.047;0.028
SN_rep3 20180122;SPA134_3;GCCCATTGACACTACAGTGTGGGTCTGGTATAATTGCACG;CTACAGTGTGGGTCTGG;0.023;0.029
DN20171017_TOP10_SPA2;SPA135_1;GCCCATTGACACCGCCAATTTTTCGGGGTATAATTGCACG;CCGCCAATTTTTCGGGG;0.038;0.025
DN20171017_TOP10_SPA2;SPA135_2;GCCCATTGACACCGCCAATTTTTCGGGGTATAATTGCACG;CCGCCAATTTTTCGGGG;0.032;0.026
DN20171017_TOP10_SPA2;SPA135_3;GCCCATTGACACCGCCAATTTTTCGGGGTATAATTGCACG;CCGCCAATTTTTCGGGG;0.035;0.026
SN_rep3 20180122;SPA136_1;GCCCATTGACATATGAAATATTATCTTGTATAATTGCACG;TATGAAATATTATCTTG;0.045;0.019
SN_rep3 20180122;SPA136_2;GCCCATTGACATATGAAATATTATCTTGTATAATTGCACG;TATGAAATATTATCTTG;0.038;0.014
SN_rep3 20180122;SPA136_3;GCCCATTGACATATGAAATATTATCTTGTATAATTGCACG;TATGAAATATTATCTTG;0.047;0.018
SN_rep2 20180117;SPA137_1;GCCCATTGACAGTAGGGCGGAAAGTAGATATAATTGCACG;GTAGGGCGGAAAGTAGA;0.077;0.028
SN_rep2 20180117;SPA137_2;GCCCATTGACAGTAGGGCGGAAAGTAGATATAATTGCACG;GTAGGGCGGAAAGTAGA;0.073;0.029
SN_rep2 20180117;SPA137_3;GCCCATTGACAGTAGGGCGGAAAGTAGATATAATTGCACG;GTAGGGCGGAAAGTAGA;0.079;0.027
SN_rep2 20180117;SPA138_1;GCCCATTGACATCTCGATGCAATTCCTGTATAATTGCACG;TCTCGATGCAATTCCTG;0.032;0.02
SN_rep2 20180117;SPA138_2;GCCCATTGACATCTCGATGCAATTCCTGTATAATTGCACG;TCTCGATGCAATTCCTG;0.031;0.018
SN_rep2 20180117;SPA138_3;GCCCATTGACATCTCGATGCAATTCCTGTATAATTGCACG;TCTCGATGCAATTCCTG;0.03;0.022
DN20171017_TOP10_SPA2;SPA139_1;GCCCATTGACAAACTTTTATCTTTCGAGTATAATTGCACG;AACTTTTATCTTTCGAG;0.039;0.014
DN20171017_TOP10_SPA2;SPA139_2;GCCCATTGACAAACTTTTATCTTTCGAGTATAATTGCACG;AACTTTTATCTTTCGAG;0.035;0.014
DN20171017_TOP10_SPA2;SPA139_3;GCCCATTGACAAACTTTTATCTTTCGAGTATAATTGCACG;AACTTTTATCTTTCGAG;0.035;0.019
DN20171017_TOP10_SPA2;SPA140_1;GCCCATTGACAACTCTATCCGCAAGCGATATAATTGCACG;ACTCTATCCGCAAGCGA;0.046;0.022
DN20171017_TOP10_SPA2;SPA140_2;GCCCATTGACAACTCTATCCGCAAGCGATATAATTGCACG;ACTCTATCCGCAAGCGA;0.052;0.026
DN20171017_TOP10_SPA2;SPA140_3;GCCCATTGACAACTCTATCCGCAAGCGATATAATTGCACG;ACTCTATCCGCAAGCGA;0.048;0.021
DN20171017_TOP10_SPA2;SPA142_1;GCCCATTGACACAATCTACAATGTGTAGTATAATTGCACG;CAATCTACAATGTGTAG;0.032;0.026
DN20171017_TOP10_SPA2;SPA142_2;GCCCATTGACACAATCTACAATGTGTAGTATAATTGCACG;CAATCTACAATGTGTAG;0.03;0.024
DN20171017_TOP10_SPA2;SPA142_3;GCCCATTGACACAATCTACAATGTGTAGTATAATTGCACG;CAATCTACAATGTGTAG;0.036;0.025
DN20171017_TOP10_SPA2;SPA146_1;GCCCATTGACATTTCCTGACGTTATTGGTATAATTGCACG;TTTCCTGACGTTATTGG;0.034;0.025
DN20171017_TOP10_SPA2;SPA146_2;GCCCATTGACATTTCCTGACGTTATTGGTATAATTGCACG;TTTCCTGACGTTATTGG;0.038;0.023
DN20171017_TOP10_SPA2;SPA146_3;GCCCATTGACATTTCCTGACGTTATTGGTATAATTGCACG;TTTCCTGACGTTATTGG;0.038;0.021
DN20171017_TOP10_SPA2;SPA147_1;GCCCATTGACAAGTTCTAAGGTTTTTGGTATAATTGCACG;AGTTCTAAGGTTTTTGG;0.03;0.023
DN20171017_TOP10_SPA2;SPA147_2;GCCCATTGACAAGTTCTAAGGTTTTTGGTATAATTGCACG;AGTTCTAAGGTTTTTGG;0.029;0.024
DN20171017_TOP10_SPA2;SPA147_3;GCCCATTGACAAGTTCTAAGGTTTTTGGTATAATTGCACG;AGTTCTAAGGTTTTTGG;0.029;0.029
DN20171017_TOP10_SPA2;SPA148_1;GCCCATTGACAGGCGCGCTGTTTTAGTTTATAATTGCACG;GGCGCGCTGTTTTAGTT;0.043;0.017
DN20171017_TOP10_SPA2;SPA148_2;GCCCATTGACAGGCGCGCTGTTTTAGTTTATAATTGCACG;GGCGCGCTGTTTTAGTT;0.033;0.018
DN20171017_TOP10_SPA2;SPA148_3;GCCCATTGACAGGCGCGCTGTTTTAGTTTATAATTGCACG;GGCGCGCTGTTTTAGTT;0.029;0.017
DN20171017_TOP10_SPA2;SPA156_1;GCCCATTGACATATGCACTCGCATCGGTTATAATTGCACG;TATGCACTCGCATCGGT;0.033;0.028
DN20171017_TOP10_SPA2;SPA156_2;GCCCATTGACATATGCACTCGCATCGGTTATAATTGCACG;TATGCACTCGCATCGGT;0.037;0.027
DN20171017_TOP10_SPA2;SPA156_3;GCCCATTGACATATGCACTCGCATCGGTTATAATTGCACG;TATGCACTCGCATCGGT;0.037;0.026
DN20171017_TOP10_SPA2;SPA159_1;GCCCATTGACACGTTGATTTTGTTCGGGTATAATTGCACG;CGTTGATTTTGTTCGGG;0.044;0.031
DN20171017_TOP10_SPA2;SPA159_2;GCCCATTGACACGTTGATTTTGTTCGGGTATAATTGCACG;CGTTGATTTTGTTCGGG;0.033;0.031
DN20171017_TOP10_SPA2;SPA159_3;GCCCATTGACACGTTGATTTTGTTCGGGTATAATTGCACG;CGTTGATTTTGTTCGGG;0.039;0.034
DN20171017_TOP10_SPA2;SPA160_1;GCCCATTGACATCCCCGGGTGGAAATTTTATAATTGCACG;TCCCCGGGTGGAAATTT;0.058;0.024
DN20171017_TOP10_SPA2;SPA160_2;GCCCATTGACATCCCCGGGTGGAAATTTTATAATTGCACG;TCCCCGGGTGGAAATTT;0.056;0.018
DN20171017_TOP10_SPA2;SPA160_3;GCCCATTGACATCCCCGGGTGGAAATTTTATAATTGCACG;TCCCCGGGTGGAAATTT;0.057;0.023
DN20171017_TOP10_SPA2;SPA161_1;GCCCATTGACATGTCTGGGAGGTGGATGTATAATTGCACG;TGTCTGGGAGGTGGATG;0.053;0.028
DN20171017_TOP10_SPA2;SPA161_2;GCCCATTGACATGTCTGGGAGGTGGATGTATAATTGCACG;TGTCTGGGAGGTGGATG;0.053;0.032
DN20171017_TOP10_SPA2;SPA161_3;GCCCATTGACATGTCTGGGAGGTGGATGTATAATTGCACG;TGTCTGGGAGGTGGATG;0.049;0.038
DN20171017_TOP10_SPA2;SPA162_1;GCCCATTGACATTATTTTAATTTCGCGATATAATTGCACG;TTATTTTAATTTCGCGA;0.043;0.021
DN20171017_TOP10_SPA2;SPA162_2;GCCCATTGACATTATTTTAATTTCGCGATATAATTGCACG;TTATTTTAATTTCGCGA;0.03;0.019
DN20171017_TOP10_SPA2;SPA162_3;GCCCATTGACATTATTTTAATTTCGCGATATAATTGCACG;TTATTTTAATTTCGCGA;0.04;0.017
DN20171017_TOP10_SPA2;SPA166_1;GCCCATTGACAGGCTCATCTACTTCTGCTATAATTGCACG;GGCTCATCTACTTCTGC;0.053;0.021
DN20171017_TOP10_SPA2;SPA166_2;GCCCATTGACAGGCTCATCTACTTCTGCTATAATTGCACG;GGCTCATCTACTTCTGC;0.061;0.018
DN20171017_TOP10_SPA2;SPA166_3;GCCCATTGACAGGCTCATCTACTTCTGCTATAATTGCACG;GGCTCATCTACTTCTGC;0.054;0.021
DN20171017_TOP10_SPA2;SPA172_1;GCCCATTGACAGGGGGCGCGAATCGGTGTATAATTGCACG;GGGGGCGCGAATCGGTG;0.04;0.037
DN20171017_TOP10_SPA2;SPA172_2;GCCCATTGACAGGGGGCGCGAATCGGTGTATAATTGCACG;GGGGGCGCGAATCGGTG;0.024;0.034
DN20171017_TOP10_SPA2;SPA172_3;GCCCATTGACAGGGGGCGCGAATCGGTGTATAATTGCACG;GGGGGCGCGAATCGGTG;0.033;0.033
DN20171017_TOP10_SPA2;SPA173_1;GCCCATTGACACGCCTTCAGGTGGCGTGTATAATTGCACG;CGCCTTCAGGTGGCGTG;0.048;0.037
DN20171017_TOP10_SPA2;SPA173_2;GCCCATTGACACGCCTTCAGGTGGCGTGTATAATTGCACG;CGCCTTCAGGTGGCGTG;0.05;0.036
DN20171017_TOP10_SPA2;SPA173_3;GCCCATTGACACGCCTTCAGGTGGCGTGTATAATTGCACG;CGCCTTCAGGTGGCGTG;0.056;0.031
DN20171017_TOP10_SPA2;SPA174_1;GCCCATTGACAATGGCGGCGTATGTGCTTATAATTGCACG;ATGGCGGCGTATGTGCT;0.051;0.031
DN20171017_TOP10_SPA2;SPA174_2;GCCCATTGACAATGGCGGCGTATGTGCTTATAATTGCACG;ATGGCGGCGTATGTGCT;0.059;0.03
DN20171017_TOP10_SPA2;SPA174_3;GCCCATTGACAATGGCGGCGTATGTGCTTATAATTGCACG;ATGGCGGCGTATGTGCT;0.049;0.03
DN20171017_TOP10_SPA2;SPA175_1;GCCCATTGACAGGATACAATAATGACTATATAATTGCACG;GGATACAATAATGACTA;0.05;0.019
DN20171017_TOP10_SPA2;SPA175_2;GCCCATTGACAGGATACAATAATGACTATATAATTGCACG;GGATACAATAATGACTA;0.05;0.021
DN20171017_TOP10_SPA2;SPA175_3;GCCCATTGACAGGATACAATAATGACTATATAATTGCACG;GGATACAATAATGACTA;0.05;0.02
SN_rep2 20180117;SPA176_1;GCCCATTGACAGAGTGTAACGCCTGTAGTATAATTGCACG;GAGTGTAACGCCTGTAG;0;0
SN_rep2 20180117;SPA176_2;GCCCATTGACAGAGTGTAACGCCTGTAGTATAATTGCACG;GAGTGTAACGCCTGTAG;0.002;0
SN_rep2 20180117;SPA176_3;GCCCATTGACAGAGTGTAACGCCTGTAGTATAATTGCACG;GAGTGTAACGCCTGTAG;0;0
DN20171114_Repeat_TOP10_BioLect;SPA177_1;GCCCATTGACATTTGTTTGAAACTATATTATAATTGCACG;TTTGTTTGAAACTATAT;0.019;0.022
DN20171114_Repeat_TOP10_BioLect;SPA177_2;GCCCATTGACATTTGTTTGAAACTATATTATAATTGCACG;TTTGTTTGAAACTATAT;0.025;0.021
DN20171114_Repeat_TOP10_BioLect;SPA177_3;GCCCATTGACATTTGTTTGAAACTATATTATAATTGCACG;TTTGTTTGAAACTATAT;0.036;0.023
DN20171017_TOP10_SPA2;SPA179_1;GCCCATTGACACGCGACGCCTATTAGGGTATAATTGCACG;CGCGACGCCTATTAGGG;0.042;0.022
DN20171017_TOP10_SPA2;SPA179_2;GCCCATTGACACGCGACGCCTATTAGGGTATAATTGCACG;CGCGACGCCTATTAGGG;0.036;0.017
DN20171017_TOP10_SPA2;SPA179_3;GCCCATTGACACGCGACGCCTATTAGGGTATAATTGCACG;CGCGACGCCTATTAGGG;0.036;0.024
DN20171017_TOP10_SPA2;SPA181_1;GCCCATTGACAGAGCTTCAGCGGCATAGTATAATTGCACG;GAGCTTCAGCGGCATAG;0.035;0.034
DN20171017_TOP10_SPA2;SPA181_2;GCCCATTGACAGAGCTTCAGCGGCATAGTATAATTGCACG;GAGCTTCAGCGGCATAG;0.047;0.035
DN20171017_TOP10_SPA2;SPA181_3;GCCCATTGACAGAGCTTCAGCGGCATAGTATAATTGCACG;GAGCTTCAGCGGCATAG;0.046;0.035
DN20171017_TOP10_SPA2;SPA184_1;GCCCATTGACACTGTTTATTCTTTTTGATATAATTGCACG;CTGTTTATTCTTTTTGA;0.042;0.019
DN20171017_TOP10_SPA2;SPA184_2;GCCCATTGACACTGTTTATTCTTTTTGATATAATTGCACG;CTGTTTATTCTTTTTGA;0.05;0.014
DN20171017_TOP10_SPA2;SPA184_3;GCCCATTGACACTGTTTATTCTTTTTGATATAATTGCACG;CTGTTTATTCTTTTTGA;0.039;0.019
SN_rep2 20180117;SPA187_1;GCCCATTGACAGTTGATAATTTGTCATATATAATTGCACG;GTTGATAATTTGTCATA;0.077;0.019
SN_rep2 20180117;SPA187_2;GCCCATTGACAGTTGATAATTTGTCATATATAATTGCACG;GTTGATAATTTGTCATA;0.076;0.016
SN_rep2 20180117;SPA187_3;GCCCATTGACAGTTGATAATTTGTCATATATAATTGCACG;GTTGATAATTTGTCATA;0.067;0.02
SN_rep2 20180117;SPA188_1;GCCCATTGACACTACTCTTTTAACGTTGTATAATTGCACG;CTACTCTTTTAACGTTG;0.019;0.025
SN_rep2 20180117;SPA188_2;GCCCATTGACACTACTCTTTTAACGTTGTATAATTGCACG;CTACTCTTTTAACGTTG;0.017;0.028
SN_rep2 20180117;SPA188_3;GCCCATTGACACTACTCTTTTAACGTTGTATAATTGCACG;CTACTCTTTTAACGTTG;0.023;0.025
DN20171017_TOP10_SPA2;SPA189_1;GCCCATTGACAATCTGTGTTTTTCCGTCTATAATTGCACG;ATCTGTGTTTTTCCGTC;0.028;0.028
DN20171017_TOP10_SPA2;SPA189_2;GCCCATTGACAATCTGTGTTTTTCCGTCTATAATTGCACG;ATCTGTGTTTTTCCGTC;0.019;0.029
DN20171017_TOP10_SPA2;SPA189_3;GCCCATTGACAATCTGTGTTTTTCCGTCTATAATTGCACG;ATCTGTGTTTTTCCGTC;0.042;0.024
